0 verbose cli /usr/local/bin/node /usr/local/bin/npm
1 info using npm@11.13.0
2 info using node@v24.16.0
3 silly config load:file:/usr/local/lib/node_modules/npm/npmrc
4 silly config load:file:/Users/nabhan/tkapps/firebase/functions/.npmrc
5 silly config load:file:/Users/nabhan/.npmrc
6 silly config load:file:/usr/local/etc/npmrc
7 verbose title npm install
8 verbose argv "install" "--cache" ".npm"
9 verbose logfile logs-max:10 dir:/Users/nabhan/tkapps/firebase/functions/.npm/_logs/2026-07-08T20_01_47_815Z-
10 verbose logfile /Users/nabhan/tkapps/firebase/functions/.npm/_logs/2026-07-08T20_01_47_815Z-debug-0.log
11 silly logfile done cleaning log files
12 silly packumentCache heap:2348810240 maxSize:587202560 maxEntrySize:293601280
13 silly idealTree buildDeps
14 silly fetch manifest firebase-admin@^13.0.0
15 silly packumentCache full:https://registry.npmjs.org/firebase-admin cache-miss
16 http fetch GET 200 https://registry.npmjs.org/firebase-admin 215ms (cache miss)
17 silly packumentCache full:https://registry.npmjs.org/firebase-admin set size:undefined disposed:false
18 silly fetch manifest firebase-functions@^6.3.0
19 silly packumentCache full:https://registry.npmjs.org/firebase-functions cache-miss
20 http fetch GET 200 https://registry.npmjs.org/npm 338ms
21 http fetch GET 200 https://registry.npmjs.org/firebase-functions 110ms (cache miss)
22 silly packumentCache full:https://registry.npmjs.org/firebase-functions set size:undefined disposed:false
23 silly fetch manifest typescript@^5.7.0
24 silly packumentCache full:https://registry.npmjs.org/typescript cache-miss
25 http fetch GET 200 https://registry.npmjs.org/typescript 505ms (cache miss)
26 silly packumentCache full:https://registry.npmjs.org/typescript set size:undefined disposed:false
27 silly placeDep ROOT firebase-admin@13.10.0 OK for:  want: ^13.0.0
28 silly placeDep ROOT firebase-functions@6.6.0 OK for:  want: ^6.3.0
29 silly placeDep ROOT typescript@5.9.3 OK for:  want: ^5.7.0
30 silly fetch manifest jwks-rsa@^3.1.0
31 silly packumentCache full:https://registry.npmjs.org/jwks-rsa cache-miss
32 silly fetch manifest jsonwebtoken@^9.0.0
33 silly packumentCache full:https://registry.npmjs.org/jsonwebtoken cache-miss
34 silly fetch manifest @fastify/busboy@^3.0.0
35 silly packumentCache full:https://registry.npmjs.org/@fastify%2fbusboy cache-miss
36 http fetch GET 200 https://registry.npmjs.org/jsonwebtoken 69ms (cache miss)
37 silly packumentCache full:https://registry.npmjs.org/jsonwebtoken set size:undefined disposed:false
38 silly fetch manifest farmhash-modern@^1.1.0
39 silly packumentCache full:https://registry.npmjs.org/farmhash-modern cache-miss
40 http fetch GET 200 https://registry.npmjs.org/jwks-rsa 81ms (cache miss)
41 silly packumentCache full:https://registry.npmjs.org/jwks-rsa set size:undefined disposed:false
42 silly fetch manifest fast-deep-equal@^3.1.1
43 silly packumentCache full:https://registry.npmjs.org/fast-deep-equal cache-miss
44 http fetch GET 200 https://registry.npmjs.org/farmhash-modern 59ms (cache miss)
45 silly packumentCache full:https://registry.npmjs.org/farmhash-modern set size:undefined disposed:false
46 silly fetch manifest google-auth-library@^10.6.1
47 silly packumentCache full:https://registry.npmjs.org/google-auth-library cache-miss
48 http fetch GET 200 https://registry.npmjs.org/fast-deep-equal 60ms (cache miss)
49 silly packumentCache full:https://registry.npmjs.org/fast-deep-equal set size:undefined disposed:false
50 silly fetch manifest @firebase/database-types@^1.0.6
51 silly packumentCache full:https://registry.npmjs.org/@firebase%2fdatabase-types cache-miss
52 http fetch GET 200 https://registry.npmjs.org/google-auth-library 88ms (cache miss)
53 silly packumentCache full:https://registry.npmjs.org/google-auth-library set size:undefined disposed:false
54 silly fetch manifest @firebase/database-compat@^2.0.0
55 silly packumentCache full:https://registry.npmjs.org/@firebase%2fdatabase-compat cache-miss
56 http fetch GET 200 https://registry.npmjs.org/@fastify%2fbusboy 422ms (cache miss)
57 silly packumentCache full:https://registry.npmjs.org/@fastify%2fbusboy set size:undefined disposed:false
58 silly fetch manifest @google-cloud/storage@^7.19.0
59 silly packumentCache full:https://registry.npmjs.org/@google-cloud%2fstorage cache-miss
60 http fetch GET 200 https://registry.npmjs.org/@google-cloud%2fstorage 307ms (cache miss)
61 silly packumentCache full:https://registry.npmjs.org/@google-cloud%2fstorage set size:undefined disposed:false
62 silly fetch manifest @google-cloud/firestore@^7.11.0
63 silly packumentCache full:https://registry.npmjs.org/@google-cloud%2ffirestore cache-miss
64 http fetch GET 200 https://registry.npmjs.org/@firebase%2fdatabase-compat 532ms (cache miss)
65 silly packumentCache full:https://registry.npmjs.org/@firebase%2fdatabase-compat set size:undefined disposed:false
66 silly fetch manifest cors@^2.8.5
67 silly packumentCache full:https://registry.npmjs.org/cors cache-miss
68 http fetch GET 200 https://registry.npmjs.org/@firebase%2fdatabase-types 673ms (cache miss)
69 silly packumentCache full:https://registry.npmjs.org/@firebase%2fdatabase-types set size:undefined disposed:false
70 silly fetch manifest express@^4.21.0
71 silly packumentCache full:https://registry.npmjs.org/express cache-miss
72 http fetch GET 200 https://registry.npmjs.org/cors 97ms (cache miss)
73 silly packumentCache full:https://registry.npmjs.org/cors set size:undefined disposed:false
74 silly fetch manifest protobufjs@^7.2.2
75 silly packumentCache full:https://registry.npmjs.org/protobufjs cache-miss
76 http fetch GET 200 https://registry.npmjs.org/express 133ms (cache miss)
77 silly packumentCache full:https://registry.npmjs.org/express set size:undefined disposed:false
78 silly fetch manifest @types/cors@^2.8.5
79 silly packumentCache full:https://registry.npmjs.org/@types%2fcors cache-miss
80 http fetch GET 200 https://registry.npmjs.org/protobufjs 189ms (cache miss)
81 silly packumentCache full:https://registry.npmjs.org/protobufjs set size:undefined disposed:false
82 silly fetch manifest @types/express@^4.17.21
83 silly packumentCache full:https://registry.npmjs.org/@types%2fexpress cache-miss
84 http fetch GET 200 https://registry.npmjs.org/@google-cloud%2ffirestore 386ms (cache miss)
85 silly packumentCache full:https://registry.npmjs.org/@google-cloud%2ffirestore set size:736435 disposed:false
86 http fetch GET 200 https://registry.npmjs.org/@types%2fcors 106ms (cache miss)
87 silly packumentCache full:https://registry.npmjs.org/@types%2fcors set size:undefined disposed:false
88 http fetch GET 200 https://registry.npmjs.org/@types%2fexpress 71ms (cache miss)
89 silly packumentCache full:https://registry.npmjs.org/@types%2fexpress set size:undefined disposed:false
90 silly placeDep ROOT @fastify/busboy@3.2.0 OK for: firebase-admin@13.10.0 want: ^3.0.0
91 silly placeDep ROOT @firebase/database-compat@2.1.4 OK for: firebase-admin@13.10.0 want: ^2.0.0
92 silly placeDep ROOT @firebase/database-types@1.0.20 OK for: firebase-admin@13.10.0 want: ^1.0.6
93 silly placeDep ROOT @google-cloud/firestore@7.11.6 OK for: firebase-admin@13.10.0 want: ^7.11.0
94 silly placeDep ROOT @google-cloud/storage@7.21.0 OK for: firebase-admin@13.10.0 want: ^7.19.0
95 silly placeDep ROOT farmhash-modern@1.1.0 OK for: firebase-admin@13.10.0 want: ^1.1.0
96 silly placeDep ROOT fast-deep-equal@3.1.3 OK for: firebase-admin@13.10.0 want: ^3.1.1
97 silly placeDep ROOT google-auth-library@10.9.0 OK for: firebase-admin@13.10.0 want: ^10.6.1
98 silly placeDep ROOT jsonwebtoken@9.0.3 OK for: firebase-admin@13.10.0 want: ^9.0.0
99 silly placeDep ROOT jwks-rsa@3.2.2 OK for: firebase-admin@13.10.0 want: ^3.1.0
100 silly fetch manifest tslib@^2.1.0
101 silly packumentCache full:https://registry.npmjs.org/tslib cache-miss
102 silly fetch manifest @firebase/util@1.15.1
103 silly packumentCache full:https://registry.npmjs.org/@firebase%2futil cache-miss
104 silly fetch manifest @firebase/logger@0.5.1
105 silly packumentCache full:https://registry.npmjs.org/@firebase%2flogger cache-miss
106 http fetch GET 200 https://registry.npmjs.org/tslib 54ms (cache miss)
107 silly packumentCache full:https://registry.npmjs.org/tslib set size:undefined disposed:false
108 silly fetch manifest @firebase/database@1.1.3
109 silly packumentCache full:https://registry.npmjs.org/@firebase%2fdatabase cache-miss
110 http fetch GET 200 https://registry.npmjs.org/@firebase%2futil 1044ms (cache miss)
111 silly packumentCache full:https://registry.npmjs.org/@firebase%2futil set size:undefined disposed:false
112 silly fetch manifest @firebase/component@0.7.3
113 silly packumentCache full:https://registry.npmjs.org/@firebase%2fcomponent cache-miss
114 http fetch GET 200 https://registry.npmjs.org/@firebase%2fdatabase 1172ms (cache miss)
115 silly packumentCache full:https://registry.npmjs.org/@firebase%2fdatabase set size:undefined disposed:false
116 silly fetch manifest @firebase/database-types@1.0.20
117 silly packumentCache full:https://registry.npmjs.org/@firebase%2fdatabase-types cache-miss
118 http cache https://registry.npmjs.org/@firebase%2fdatabase-types 66ms (cache hit)
119 silly packumentCache full:https://registry.npmjs.org/@firebase%2fdatabase-types set size:9142504 disposed:false
120 silly fetch manifest @firebase/app-types@0.9.5
121 silly packumentCache full:https://registry.npmjs.org/@firebase%2fapp-types cache-miss
122 http fetch GET 200 https://registry.npmjs.org/@firebase%2flogger 1844ms (cache miss)
123 silly packumentCache full:https://registry.npmjs.org/@firebase%2flogger set size:undefined disposed:false
124 silly fetch manifest google-gax@^4.3.3
125 silly packumentCache full:https://registry.npmjs.org/google-gax cache-miss
126 http fetch GET 200 https://registry.npmjs.org/@firebase%2fcomponent 954ms (cache miss)
127 silly packumentCache full:https://registry.npmjs.org/@firebase%2fcomponent set size:undefined disposed:false
128 silly fetch manifest protobufjs@^7.2.6
129 silly packumentCache full:https://registry.npmjs.org/protobufjs cache-miss
130 http cache https://registry.npmjs.org/protobufjs 7ms (cache hit)
131 silly packumentCache full:https://registry.npmjs.org/protobufjs set size:763699 disposed:false
132 silly fetch manifest @opentelemetry/api@^1.3.0
133 silly packumentCache full:https://registry.npmjs.org/@opentelemetry%2fapi cache-miss
134 http fetch GET 200 https://registry.npmjs.org/@firebase%2fapp-types 643ms (cache miss)
135 silly packumentCache full:https://registry.npmjs.org/@firebase%2fapp-types set size:undefined disposed:false
136 silly fetch manifest functional-red-black-tree@^1.0.1
137 silly packumentCache full:https://registry.npmjs.org/functional-red-black-tree cache-miss
138 http fetch GET 200 https://registry.npmjs.org/@opentelemetry%2fapi 85ms (cache miss)
139 silly packumentCache full:https://registry.npmjs.org/@opentelemetry%2fapi set size:undefined disposed:false
140 silly fetch manifest @google-cloud/paginator@^5.0.0
141 silly packumentCache full:https://registry.npmjs.org/@google-cloud%2fpaginator cache-miss
142 http fetch GET 200 https://registry.npmjs.org/functional-red-black-tree 52ms (cache miss)
143 silly packumentCache full:https://registry.npmjs.org/functional-red-black-tree set size:undefined disposed:false
144 silly fetch manifest @google-cloud/projectify@^4.0.0
145 silly packumentCache full:https://registry.npmjs.org/@google-cloud%2fprojectify cache-miss
146 http fetch GET 200 https://registry.npmjs.org/@google-cloud%2fpaginator 76ms (cache miss)
147 silly packumentCache full:https://registry.npmjs.org/@google-cloud%2fpaginator set size:undefined disposed:false
148 silly fetch manifest @google-cloud/promisify@<4.1.0
149 silly packumentCache full:https://registry.npmjs.org/@google-cloud%2fpromisify cache-miss
150 http fetch GET 200 https://registry.npmjs.org/google-gax 342ms (cache miss)
151 silly packumentCache full:https://registry.npmjs.org/google-gax set size:undefined disposed:false
152 silly fetch manifest abort-controller@^3.0.0
153 silly packumentCache full:https://registry.npmjs.org/abort-controller cache-miss
154 http fetch GET 200 https://registry.npmjs.org/@google-cloud%2fprojectify 108ms (cache miss)
155 silly packumentCache full:https://registry.npmjs.org/@google-cloud%2fprojectify set size:undefined disposed:false
156 silly fetch manifest async-retry@^1.3.3
157 silly packumentCache full:https://registry.npmjs.org/async-retry cache-miss
158 http fetch GET 200 https://registry.npmjs.org/@google-cloud%2fpromisify 73ms (cache miss)
159 silly packumentCache full:https://registry.npmjs.org/@google-cloud%2fpromisify set size:undefined disposed:false
160 silly fetch manifest duplexify@^4.1.3
161 silly packumentCache full:https://registry.npmjs.org/duplexify cache-miss
162 http fetch GET 200 https://registry.npmjs.org/abort-controller 61ms (cache miss)
163 silly packumentCache full:https://registry.npmjs.org/abort-controller set size:undefined disposed:false
164 silly fetch manifest fast-xml-parser@^5.3.4
165 silly packumentCache full:https://registry.npmjs.org/fast-xml-parser cache-miss
166 http fetch GET 200 https://registry.npmjs.org/async-retry 58ms (cache miss)
167 silly packumentCache full:https://registry.npmjs.org/async-retry set size:undefined disposed:false
168 silly fetch manifest gaxios@^6.0.2
169 silly packumentCache full:https://registry.npmjs.org/gaxios cache-miss
170 http fetch GET 200 https://registry.npmjs.org/duplexify 59ms (cache miss)
171 silly packumentCache full:https://registry.npmjs.org/duplexify set size:undefined disposed:false
172 silly fetch manifest google-auth-library@^9.6.3
173 silly packumentCache full:https://registry.npmjs.org/google-auth-library cache-miss
174 http cache https://registry.npmjs.org/google-auth-library 9ms (cache hit)
175 silly packumentCache full:https://registry.npmjs.org/google-auth-library set size:730700 disposed:false
176 silly fetch manifest html-entities@^2.5.2
177 silly packumentCache full:https://registry.npmjs.org/html-entities cache-miss
178 http fetch GET 200 https://registry.npmjs.org/gaxios 79ms (cache miss)
179 silly packumentCache full:https://registry.npmjs.org/gaxios set size:undefined disposed:false
180 silly fetch manifest mime@^3.0.0
181 silly packumentCache full:https://registry.npmjs.org/mime cache-miss
182 http fetch GET 200 https://registry.npmjs.org/fast-xml-parser 128ms (cache miss)
183 silly packumentCache full:https://registry.npmjs.org/fast-xml-parser set size:undefined disposed:false
184 silly fetch manifest p-limit@^3.0.1
185 silly packumentCache full:https://registry.npmjs.org/p-limit cache-miss
186 http fetch GET 200 https://registry.npmjs.org/html-entities 75ms (cache miss)
187 silly packumentCache full:https://registry.npmjs.org/html-entities set size:undefined disposed:false
188 silly fetch manifest retry-request@^7.0.0
189 silly packumentCache full:https://registry.npmjs.org/retry-request cache-miss
190 http fetch GET 200 https://registry.npmjs.org/mime 56ms (cache miss)
191 silly packumentCache full:https://registry.npmjs.org/mime set size:undefined disposed:false
192 silly fetch manifest teeny-request@^9.0.0
193 silly packumentCache full:https://registry.npmjs.org/teeny-request cache-miss
194 http fetch GET 200 https://registry.npmjs.org/p-limit 53ms (cache miss)
195 silly packumentCache full:https://registry.npmjs.org/p-limit set size:undefined disposed:false
196 silly fetch manifest base64-js@^1.3.0
197 silly packumentCache full:https://registry.npmjs.org/base64-js cache-miss
198 http fetch GET 200 https://registry.npmjs.org/retry-request 56ms (cache miss)
199 silly packumentCache full:https://registry.npmjs.org/retry-request set size:undefined disposed:false
200 silly fetch manifest ecdsa-sig-formatter@^1.0.11
201 silly packumentCache full:https://registry.npmjs.org/ecdsa-sig-formatter cache-miss
202 http fetch GET 200 https://registry.npmjs.org/teeny-request 59ms (cache miss)
203 silly packumentCache full:https://registry.npmjs.org/teeny-request set size:undefined disposed:false
204 silly fetch manifest gaxios@^7.1.4
205 silly packumentCache full:https://registry.npmjs.org/gaxios cache-miss
206 http cache https://registry.npmjs.org/gaxios 5ms (cache hit)
207 silly packumentCache full:https://registry.npmjs.org/gaxios set size:355836 disposed:false
208 silly fetch manifest gcp-metadata@8.1.2
209 silly packumentCache full:https://registry.npmjs.org/gcp-metadata cache-miss
210 http fetch GET 200 https://registry.npmjs.org/ecdsa-sig-formatter 51ms (cache miss)
211 silly packumentCache full:https://registry.npmjs.org/ecdsa-sig-formatter set size:undefined disposed:false
212 silly fetch manifest google-logging-utils@1.1.3
213 silly packumentCache full:https://registry.npmjs.org/google-logging-utils cache-miss
214 http fetch GET 200 https://registry.npmjs.org/base64-js 63ms (cache miss)
215 silly packumentCache full:https://registry.npmjs.org/base64-js set size:undefined disposed:false
216 silly fetch manifest jws@^4.0.0
217 silly packumentCache full:https://registry.npmjs.org/jws cache-miss
218 http fetch GET 200 https://registry.npmjs.org/gcp-metadata 58ms (cache miss)
219 silly packumentCache full:https://registry.npmjs.org/gcp-metadata set size:undefined disposed:false
220 silly fetch manifest ms@^2.1.1
221 silly packumentCache full:https://registry.npmjs.org/ms cache-miss
222 http fetch GET 200 https://registry.npmjs.org/google-logging-utils 51ms (cache miss)
223 silly packumentCache full:https://registry.npmjs.org/google-logging-utils set size:undefined disposed:false
224 silly fetch manifest jws@^4.0.1
225 silly packumentCache full:https://registry.npmjs.org/jws cache-miss
226 http fetch GET 200 https://registry.npmjs.org/jws 57ms (cache miss)
227 silly packumentCache full:https://registry.npmjs.org/jws set size:undefined disposed:false
228 silly fetch manifest semver@^7.5.4
229 silly packumentCache full:https://registry.npmjs.org/semver cache-miss
230 http fetch GET 200 https://registry.npmjs.org/ms 58ms (cache miss)
231 silly packumentCache full:https://registry.npmjs.org/ms set size:undefined disposed:false
232 silly fetch manifest lodash.once@^4.0.0
233 silly packumentCache full:https://registry.npmjs.org/lodash.once cache-miss
234 http fetch GET 200 https://registry.npmjs.org/jws 59ms (cache miss)
235 silly packumentCache full:https://registry.npmjs.org/jws set size:undefined disposed:false
236 silly fetch manifest lodash.includes@^4.3.0
237 silly packumentCache full:https://registry.npmjs.org/lodash.includes cache-miss
238 http fetch GET 200 https://registry.npmjs.org/semver 76ms (cache miss)
239 silly packumentCache full:https://registry.npmjs.org/semver set size:undefined disposed:false
240 silly fetch manifest lodash.isnumber@^3.0.3
241 silly packumentCache full:https://registry.npmjs.org/lodash.isnumber cache-miss
242 http fetch GET 200 https://registry.npmjs.org/lodash.once 53ms (cache miss)
243 silly packumentCache full:https://registry.npmjs.org/lodash.once set size:undefined disposed:false
244 silly fetch manifest lodash.isstring@^4.0.1
245 silly packumentCache full:https://registry.npmjs.org/lodash.isstring cache-miss
246 http fetch GET 200 https://registry.npmjs.org/lodash.includes 58ms (cache miss)
247 silly packumentCache full:https://registry.npmjs.org/lodash.includes set size:undefined disposed:false
248 silly fetch manifest lodash.isboolean@^3.0.3
249 silly packumentCache full:https://registry.npmjs.org/lodash.isboolean cache-miss
250 http fetch GET 200 https://registry.npmjs.org/lodash.isnumber 57ms (cache miss)
251 silly packumentCache full:https://registry.npmjs.org/lodash.isnumber set size:undefined disposed:false
252 silly fetch manifest lodash.isinteger@^4.0.4
253 silly packumentCache full:https://registry.npmjs.org/lodash.isinteger cache-miss
254 http fetch GET 200 https://registry.npmjs.org/lodash.isstring 53ms (cache miss)
255 silly packumentCache full:https://registry.npmjs.org/lodash.isstring set size:undefined disposed:false
256 silly fetch manifest lodash.isplainobject@^4.0.6
257 silly packumentCache full:https://registry.npmjs.org/lodash.isplainobject cache-miss
258 http fetch GET 200 https://registry.npmjs.org/lodash.isboolean 54ms (cache miss)
259 silly packumentCache full:https://registry.npmjs.org/lodash.isboolean set size:undefined disposed:false
260 silly fetch manifest jose@^4.15.4
261 silly packumentCache full:https://registry.npmjs.org/jose cache-miss
262 http fetch GET 200 https://registry.npmjs.org/lodash.isinteger 67ms (cache miss)
263 silly packumentCache full:https://registry.npmjs.org/lodash.isinteger set size:undefined disposed:false
264 silly fetch manifest debug@^4.3.4
265 silly packumentCache full:https://registry.npmjs.org/debug cache-miss
266 http fetch GET 200 https://registry.npmjs.org/lodash.isplainobject 69ms (cache miss)
267 silly packumentCache full:https://registry.npmjs.org/lodash.isplainobject set size:undefined disposed:false
268 silly fetch manifest limiter@^1.1.5
269 silly packumentCache full:https://registry.npmjs.org/limiter cache-miss
270 http fetch GET 200 https://registry.npmjs.org/limiter 73ms (cache miss)
271 silly packumentCache full:https://registry.npmjs.org/limiter set size:undefined disposed:false
272 silly fetch manifest lru-memoizer@^2.2.0
273 silly packumentCache full:https://registry.npmjs.org/lru-memoizer cache-miss
274 http fetch GET 200 https://registry.npmjs.org/debug 81ms (cache miss)
275 silly packumentCache full:https://registry.npmjs.org/debug set size:undefined disposed:false
276 silly fetch manifest @types/jsonwebtoken@^9.0.4
277 silly packumentCache full:https://registry.npmjs.org/@types%2fjsonwebtoken cache-miss
278 http fetch GET 200 https://registry.npmjs.org/jose 128ms (cache miss)
279 silly packumentCache full:https://registry.npmjs.org/jose set size:undefined disposed:false
280 http fetch GET 200 https://registry.npmjs.org/lru-memoizer 53ms (cache miss)
281 silly packumentCache full:https://registry.npmjs.org/lru-memoizer set size:undefined disposed:false
282 http fetch GET 200 https://registry.npmjs.org/@types%2fjsonwebtoken 74ms (cache miss)
283 silly packumentCache full:https://registry.npmjs.org/@types%2fjsonwebtoken set size:undefined disposed:false
284 silly placeDep ROOT @firebase/component@0.7.3 OK for: @firebase/database-compat@2.1.4 want: 0.7.3
285 silly placeDep ROOT @firebase/database@1.1.3 OK for: @firebase/database-compat@2.1.4 want: 1.1.3
286 silly placeDep ROOT @firebase/logger@0.5.1 OK for: @firebase/database-compat@2.1.4 want: 0.5.1
287 silly placeDep ROOT @firebase/util@1.15.1 OK for: @firebase/database-compat@2.1.4 want: 1.15.1
288 silly placeDep ROOT tslib@2.8.1 OK for: @firebase/database-compat@2.1.4 want: ^2.1.0
289 silly fetch manifest faye-websocket@0.11.4
290 silly packumentCache full:https://registry.npmjs.org/faye-websocket cache-miss
291 silly fetch manifest @firebase/auth-interop-types@0.2.5
292 silly packumentCache full:https://registry.npmjs.org/@firebase%2fauth-interop-types cache-miss
293 silly fetch manifest @firebase/app-check-interop-types@0.3.4
294 silly packumentCache full:https://registry.npmjs.org/@firebase%2fapp-check-interop-types cache-miss
295 http fetch GET 200 https://registry.npmjs.org/faye-websocket 56ms (cache miss)
296 silly packumentCache full:https://registry.npmjs.org/faye-websocket set size:undefined disposed:false
297 http fetch GET 200 https://registry.npmjs.org/@firebase%2fapp-check-interop-types 247ms (cache miss)
298 silly packumentCache full:https://registry.npmjs.org/@firebase%2fapp-check-interop-types set size:undefined disposed:false
299 http fetch GET 200 https://registry.npmjs.org/@firebase%2fauth-interop-types 556ms (cache miss)
300 silly packumentCache full:https://registry.npmjs.org/@firebase%2fauth-interop-types set size:undefined disposed:false
301 silly placeDep ROOT @firebase/app-check-interop-types@0.3.4 OK for: @firebase/database@1.1.3 want: 0.3.4
302 silly placeDep ROOT @firebase/auth-interop-types@0.2.5 OK for: @firebase/database@1.1.3 want: 0.2.5
303 silly placeDep ROOT faye-websocket@0.11.4 OK for: @firebase/database@1.1.3 want: 0.11.4
304 silly fetch manifest websocket-driver@>=0.5.1
305 silly packumentCache full:https://registry.npmjs.org/websocket-driver cache-miss
306 http fetch GET 200 https://registry.npmjs.org/websocket-driver 64ms (cache miss)
307 silly packumentCache full:https://registry.npmjs.org/websocket-driver set size:undefined disposed:false
308 silly placeDep ROOT @firebase/app-types@0.9.5 OK for: @firebase/database-types@1.0.20 want: 0.9.5
309 silly placeDep ROOT @opentelemetry/api@1.9.1 OK for: @google-cloud/firestore@7.11.6 want: ^1.3.0
310 silly placeDep ROOT functional-red-black-tree@1.0.1 OK for: @google-cloud/firestore@7.11.6 want: ^1.0.1
311 silly placeDep ROOT google-gax@4.6.1 OK for: @google-cloud/firestore@7.11.6 want: ^4.3.3
312 silly placeDep ROOT protobufjs@7.6.5 OK for: @google-cloud/firestore@7.11.6 want: ^7.2.6
313 silly fetch manifest uuid@^9.0.1
314 silly packumentCache full:https://registry.npmjs.org/uuid cache-miss
315 silly fetch manifest duplexify@^4.0.0
316 silly packumentCache full:https://registry.npmjs.org/duplexify cache-miss
317 silly fetch manifest node-fetch@^2.7.0
318 silly packumentCache full:https://registry.npmjs.org/node-fetch cache-miss
319 http cache https://registry.npmjs.org/duplexify 5ms (cache hit)
320 silly packumentCache full:https://registry.npmjs.org/duplexify set size:73064 disposed:false
321 silly fetch manifest protobufjs@^7.3.2
322 silly packumentCache full:https://registry.npmjs.org/protobufjs cache-hit
323 silly fetch manifest @types/long@^4.0.0
324 silly packumentCache full:https://registry.npmjs.org/@types%2flong cache-miss
325 http fetch GET 200 https://registry.npmjs.org/uuid 67ms (cache miss)
326 silly packumentCache full:https://registry.npmjs.org/uuid set size:undefined disposed:false
327 silly fetch manifest object-hash@^3.0.0
328 silly packumentCache full:https://registry.npmjs.org/object-hash cache-miss
329 http fetch GET 200 https://registry.npmjs.org/@types%2flong 72ms (cache miss)
330 silly packumentCache full:https://registry.npmjs.org/@types%2flong set size:undefined disposed:false
331 silly fetch manifest @grpc/grpc-js@^1.10.9
332 silly packumentCache full:https://registry.npmjs.org/@grpc%2fgrpc-js cache-miss
333 http fetch GET 200 https://registry.npmjs.org/node-fetch 106ms (cache miss)
334 silly packumentCache full:https://registry.npmjs.org/node-fetch set size:undefined disposed:false
335 silly fetch manifest @grpc/proto-loader@^0.7.13
336 silly packumentCache full:https://registry.npmjs.org/@grpc%2fproto-loader cache-miss
337 http fetch GET 200 https://registry.npmjs.org/object-hash 59ms (cache miss)
338 silly packumentCache full:https://registry.npmjs.org/object-hash set size:undefined disposed:false
339 silly fetch manifest google-auth-library@^9.3.0
340 silly packumentCache full:https://registry.npmjs.org/google-auth-library cache-hit
341 silly fetch manifest proto3-json-serializer@^2.0.2
342 silly packumentCache full:https://registry.npmjs.org/proto3-json-serializer cache-miss
343 http fetch GET 200 https://registry.npmjs.org/proto3-json-serializer 62ms (cache miss)
344 silly packumentCache full:https://registry.npmjs.org/proto3-json-serializer set size:undefined disposed:false
345 silly fetch manifest long@^5.3.2
346 silly packumentCache full:https://registry.npmjs.org/long cache-miss
347 http fetch GET 200 https://registry.npmjs.org/@grpc%2fproto-loader 94ms (cache miss)
348 silly packumentCache full:https://registry.npmjs.org/@grpc%2fproto-loader set size:undefined disposed:false
349 silly fetch manifest @types/node@>=13.7.0
350 silly packumentCache full:https://registry.npmjs.org/@types%2fnode cache-miss
351 http fetch GET 200 https://registry.npmjs.org/@grpc%2fgrpc-js 130ms (cache miss)
352 silly packumentCache full:https://registry.npmjs.org/@grpc%2fgrpc-js set size:undefined disposed:false
353 silly fetch manifest @protobufjs/path@^1.1.2
354 silly packumentCache full:https://registry.npmjs.org/@protobufjs%2fpath cache-miss
355 http fetch GET 200 https://registry.npmjs.org/long 58ms (cache miss)
356 silly packumentCache full:https://registry.npmjs.org/long set size:undefined disposed:false
357 silly fetch manifest @protobufjs/pool@^1.1.0
358 silly packumentCache full:https://registry.npmjs.org/@protobufjs%2fpool cache-miss
359 http fetch GET 200 https://registry.npmjs.org/@protobufjs%2fpath 66ms (cache miss)
360 silly packumentCache full:https://registry.npmjs.org/@protobufjs%2fpath set size:undefined disposed:false
361 silly fetch manifest @protobufjs/utf8@^1.1.1
362 silly packumentCache full:https://registry.npmjs.org/@protobufjs%2futf8 cache-miss
363 http fetch GET 200 https://registry.npmjs.org/@protobufjs%2fpool 96ms (cache miss)
364 silly packumentCache full:https://registry.npmjs.org/@protobufjs%2fpool set size:undefined disposed:false
365 silly fetch manifest @protobufjs/fetch@^1.1.1
366 silly packumentCache full:https://registry.npmjs.org/@protobufjs%2ffetch cache-miss
367 http fetch GET 200 https://registry.npmjs.org/@protobufjs%2futf8 75ms (cache miss)
368 silly packumentCache full:https://registry.npmjs.org/@protobufjs%2futf8 set size:undefined disposed:false
369 silly fetch manifest @protobufjs/float@^1.0.2
370 silly packumentCache full:https://registry.npmjs.org/@protobufjs%2ffloat cache-miss
371 http fetch GET 200 https://registry.npmjs.org/@protobufjs%2ffetch 67ms (cache miss)
372 silly packumentCache full:https://registry.npmjs.org/@protobufjs%2ffetch set size:undefined disposed:false
373 silly fetch manifest @protobufjs/base64@^1.1.2
374 silly packumentCache full:https://registry.npmjs.org/@protobufjs%2fbase64 cache-miss
375 http fetch GET 200 https://registry.npmjs.org/@protobufjs%2ffloat 71ms (cache miss)
376 silly packumentCache full:https://registry.npmjs.org/@protobufjs%2ffloat set size:undefined disposed:false
377 silly fetch manifest @protobufjs/codegen@^2.0.5
378 silly packumentCache full:https://registry.npmjs.org/@protobufjs%2fcodegen cache-miss
379 http fetch GET 200 https://registry.npmjs.org/@protobufjs%2fbase64 71ms (cache miss)
380 silly packumentCache full:https://registry.npmjs.org/@protobufjs%2fbase64 set size:undefined disposed:false
381 silly fetch manifest @protobufjs/aspromise@^1.1.2
382 silly packumentCache full:https://registry.npmjs.org/@protobufjs%2faspromise cache-miss
383 http fetch GET 200 https://registry.npmjs.org/@protobufjs%2fcodegen 68ms (cache miss)
384 silly packumentCache full:https://registry.npmjs.org/@protobufjs%2fcodegen set size:undefined disposed:false
385 silly fetch manifest @protobufjs/eventemitter@^1.1.1
386 silly packumentCache full:https://registry.npmjs.org/@protobufjs%2feventemitter cache-miss
387 http fetch GET 200 https://registry.npmjs.org/@protobufjs%2feventemitter 73ms (cache miss)
388 silly packumentCache full:https://registry.npmjs.org/@protobufjs%2feventemitter set size:undefined disposed:false
389 http fetch GET 200 https://registry.npmjs.org/@protobufjs%2faspromise 78ms (cache miss)
390 silly packumentCache full:https://registry.npmjs.org/@protobufjs%2faspromise set size:undefined disposed:false
391 http fetch GET 200 https://registry.npmjs.org/@types%2fnode 526ms (cache miss)
392 silly packumentCache full:https://registry.npmjs.org/@types%2fnode set size:undefined disposed:false
393 silly placeDep ROOT @google-cloud/paginator@5.0.2 OK for: @google-cloud/storage@7.21.0 want: ^5.0.0
394 silly placeDep ROOT @google-cloud/projectify@4.0.0 OK for: @google-cloud/storage@7.21.0 want: ^4.0.0
395 silly placeDep ROOT @google-cloud/promisify@4.0.0 OK for: @google-cloud/storage@7.21.0 want: <4.1.0
396 silly placeDep ROOT abort-controller@3.0.0 OK for: @google-cloud/storage@7.21.0 want: ^3.0.0
397 silly placeDep ROOT async-retry@1.3.3 OK for: @google-cloud/storage@7.21.0 want: ^1.3.3
398 silly placeDep ROOT duplexify@4.1.3 OK for: @google-cloud/storage@7.21.0 want: ^4.1.3
399 silly placeDep ROOT fast-xml-parser@5.9.3 OK for: @google-cloud/storage@7.21.0 want: ^5.3.4
400 silly placeDep ROOT gaxios@6.7.1 OK for: @google-cloud/storage@7.21.0 want: ^6.0.2
401 silly placeDep node_modules/@google-cloud/storage google-auth-library@9.15.1 OK for: @google-cloud/storage@7.21.0 want: ^9.6.3
402 silly placeDep ROOT html-entities@2.6.0 OK for: @google-cloud/storage@7.21.0 want: ^2.5.2
403 silly placeDep ROOT mime@3.0.0 OK for: @google-cloud/storage@7.21.0 want: ^3.0.0
404 silly placeDep ROOT p-limit@3.1.0 OK for: @google-cloud/storage@7.21.0 want: ^3.0.1
405 silly placeDep ROOT retry-request@7.0.2 OK for: @google-cloud/storage@7.21.0 want: ^7.0.0
406 silly placeDep ROOT teeny-request@9.0.0 OK for: @google-cloud/storage@7.21.0 want: ^9.0.0
407 silly fetch manifest arrify@^2.0.0
408 silly packumentCache full:https://registry.npmjs.org/arrify cache-miss
409 silly fetch manifest extend@^3.0.2
410 silly packumentCache full:https://registry.npmjs.org/extend cache-miss
411 silly fetch manifest event-target-shim@^5.0.0
412 silly packumentCache full:https://registry.npmjs.org/event-target-shim cache-miss
413 http fetch GET 200 https://registry.npmjs.org/arrify 81ms (cache miss)
414 silly packumentCache full:https://registry.npmjs.org/arrify set size:undefined disposed:false
415 silly fetch manifest retry@0.13.1
416 silly packumentCache full:https://registry.npmjs.org/retry cache-miss
417 http fetch GET 200 https://registry.npmjs.org/extend 89ms (cache miss)
418 silly packumentCache full:https://registry.npmjs.org/extend set size:undefined disposed:false
419 silly fetch manifest end-of-stream@^1.4.1
420 silly packumentCache full:https://registry.npmjs.org/end-of-stream cache-miss
421 http fetch GET 200 https://registry.npmjs.org/event-target-shim 91ms (cache miss)
422 silly packumentCache full:https://registry.npmjs.org/event-target-shim set size:undefined disposed:false
423 silly fetch manifest inherits@^2.0.3
424 silly packumentCache full:https://registry.npmjs.org/inherits cache-miss
425 http fetch GET 200 https://registry.npmjs.org/retry 64ms (cache miss)
426 silly packumentCache full:https://registry.npmjs.org/retry set size:undefined disposed:false
427 silly fetch manifest readable-stream@^3.1.1
428 silly packumentCache full:https://registry.npmjs.org/readable-stream cache-miss
429 http fetch GET 200 https://registry.npmjs.org/end-of-stream 59ms (cache miss)
430 silly packumentCache full:https://registry.npmjs.org/end-of-stream set size:undefined disposed:false
431 silly fetch manifest stream-shift@^1.0.2
432 silly packumentCache full:https://registry.npmjs.org/stream-shift cache-miss
433 http fetch GET 200 https://registry.npmjs.org/inherits 57ms (cache miss)
434 silly packumentCache full:https://registry.npmjs.org/inherits set size:undefined disposed:false
435 silly fetch manifest strnum@^2.4.1
436 silly packumentCache full:https://registry.npmjs.org/strnum cache-miss
437 http fetch GET 200 https://registry.npmjs.org/stream-shift 51ms (cache miss)
438 silly packumentCache full:https://registry.npmjs.org/stream-shift set size:undefined disposed:false
439 silly fetch manifest is-unsafe@^1.0.1
440 silly packumentCache full:https://registry.npmjs.org/is-unsafe cache-miss
441 http fetch GET 200 https://registry.npmjs.org/strnum 130ms (cache miss)
442 silly packumentCache full:https://registry.npmjs.org/strnum set size:undefined disposed:false
443 silly fetch manifest xml-naming@^0.1.0
444 silly packumentCache full:https://registry.npmjs.org/xml-naming cache-miss
445 http fetch GET 200 https://registry.npmjs.org/readable-stream 138ms (cache miss)
446 silly packumentCache full:https://registry.npmjs.org/readable-stream set size:undefined disposed:false
447 silly fetch manifest fast-xml-builder@^1.2.0
448 silly packumentCache full:https://registry.npmjs.org/fast-xml-builder cache-miss
449 http fetch GET 200 https://registry.npmjs.org/is-unsafe 88ms (cache miss)
450 silly packumentCache full:https://registry.npmjs.org/is-unsafe set size:undefined disposed:false
451 silly fetch manifest @nodable/entities@^2.2.0
452 silly packumentCache full:https://registry.npmjs.org/@nodable%2fentities cache-miss
453 http fetch GET 200 https://registry.npmjs.org/xml-naming 55ms (cache miss)
454 silly packumentCache full:https://registry.npmjs.org/xml-naming set size:undefined disposed:false
455 silly fetch manifest path-expression-matcher@^1.5.0
456 silly packumentCache full:https://registry.npmjs.org/path-expression-matcher cache-miss
457 http fetch GET 200 https://registry.npmjs.org/@nodable%2fentities 66ms (cache miss)
458 silly packumentCache full:https://registry.npmjs.org/@nodable%2fentities set size:undefined disposed:false
459 silly fetch manifest is-stream@^2.0.0
460 silly packumentCache full:https://registry.npmjs.org/is-stream cache-miss
461 http fetch GET 200 https://registry.npmjs.org/fast-xml-builder 73ms (cache miss)
462 silly packumentCache full:https://registry.npmjs.org/fast-xml-builder set size:undefined disposed:false
463 silly fetch manifest node-fetch@^2.6.9
464 silly packumentCache full:https://registry.npmjs.org/node-fetch cache-miss
465 http cache https://registry.npmjs.org/node-fetch 9ms (cache hit)
466 silly packumentCache full:https://registry.npmjs.org/node-fetch set size:896010 disposed:false
467 silly fetch manifest https-proxy-agent@^7.0.1
468 silly packumentCache full:https://registry.npmjs.org/https-proxy-agent cache-miss
469 http fetch GET 200 https://registry.npmjs.org/path-expression-matcher 55ms (cache miss)
470 silly packumentCache full:https://registry.npmjs.org/path-expression-matcher set size:undefined disposed:false
471 silly fetch manifest gtoken@^7.0.0
472 silly packumentCache full:https://registry.npmjs.org/gtoken cache-miss
473 http fetch GET 200 https://registry.npmjs.org/is-stream 51ms (cache miss)
474 silly packumentCache full:https://registry.npmjs.org/is-stream set size:undefined disposed:false
475 silly fetch manifest gcp-metadata@^6.1.0
476 silly packumentCache full:https://registry.npmjs.org/gcp-metadata cache-miss
477 http cache https://registry.npmjs.org/gcp-metadata 4ms (cache hit)
478 silly packumentCache full:https://registry.npmjs.org/gcp-metadata set size:194327 disposed:false
479 silly fetch manifest yocto-queue@^0.1.0
480 silly packumentCache full:https://registry.npmjs.org/yocto-queue cache-miss
481 http fetch GET 200 https://registry.npmjs.org/https-proxy-agent 70ms (cache miss)
482 silly packumentCache full:https://registry.npmjs.org/https-proxy-agent set size:undefined disposed:false
483 silly fetch manifest @types/request@^2.48.8
484 silly packumentCache full:https://registry.npmjs.org/@types%2frequest cache-miss
485 http fetch GET 200 https://registry.npmjs.org/gtoken 63ms (cache miss)
486 silly packumentCache full:https://registry.npmjs.org/gtoken set size:undefined disposed:false
487 silly fetch manifest uuid@^9.0.0
488 silly packumentCache full:https://registry.npmjs.org/uuid cache-miss
489 http cache https://registry.npmjs.org/uuid 5ms (cache hit)
490 silly packumentCache full:https://registry.npmjs.org/uuid set size:256419 disposed:false
491 silly fetch manifest stream-events@^1.0.5
492 silly packumentCache full:https://registry.npmjs.org/stream-events cache-miss
493 http fetch GET 200 https://registry.npmjs.org/yocto-queue 80ms (cache miss)
494 silly packumentCache full:https://registry.npmjs.org/yocto-queue set size:undefined disposed:false
495 silly fetch manifest http-proxy-agent@^5.0.0
496 silly packumentCache full:https://registry.npmjs.org/http-proxy-agent cache-miss
497 http fetch GET 200 https://registry.npmjs.org/stream-events 53ms (cache miss)
498 silly packumentCache full:https://registry.npmjs.org/stream-events set size:undefined disposed:false
499 silly fetch manifest https-proxy-agent@^5.0.0
500 silly packumentCache full:https://registry.npmjs.org/https-proxy-agent cache-miss
501 http fetch GET 200 https://registry.npmjs.org/@types%2frequest 73ms (cache miss)
502 silly packumentCache full:https://registry.npmjs.org/@types%2frequest set size:undefined disposed:false
503 http cache https://registry.npmjs.org/https-proxy-agent 33ms (cache hit)
504 silly packumentCache full:https://registry.npmjs.org/https-proxy-agent set size:83792 disposed:false
505 http fetch GET 200 https://registry.npmjs.org/http-proxy-agent 61ms (cache miss)
506 silly packumentCache full:https://registry.npmjs.org/http-proxy-agent set size:undefined disposed:false
507 silly placeDep ROOT arrify@2.0.1 OK for: @google-cloud/paginator@5.0.2 want: ^2.0.0
508 silly placeDep ROOT extend@3.0.2 OK for: @google-cloud/paginator@5.0.2 want: ^3.0.2
509 silly placeDep ROOT event-target-shim@5.0.1 OK for: abort-controller@3.0.0 want: ^5.0.0
510 silly placeDep ROOT retry@0.13.1 OK for: async-retry@1.3.3 want: 0.13.1
511 silly placeDep ROOT end-of-stream@1.4.5 OK for: duplexify@4.1.3 want: ^1.4.1
512 silly placeDep ROOT inherits@2.0.4 OK for: duplexify@4.1.3 want: ^2.0.3
513 silly placeDep ROOT readable-stream@3.6.2 OK for: duplexify@4.1.3 want: ^3.1.1
514 silly placeDep ROOT stream-shift@1.0.3 OK for: duplexify@4.1.3 want: ^1.0.2
515 silly fetch manifest once@^1.4.0
516 silly packumentCache full:https://registry.npmjs.org/once cache-miss
517 silly fetch manifest string_decoder@^1.1.1
518 silly packumentCache full:https://registry.npmjs.org/string_decoder cache-miss
519 silly fetch manifest util-deprecate@^1.0.1
520 silly packumentCache full:https://registry.npmjs.org/util-deprecate cache-miss
521 http fetch GET 200 https://registry.npmjs.org/util-deprecate 48ms (cache miss)
522 silly packumentCache full:https://registry.npmjs.org/util-deprecate set size:undefined disposed:false
523 http fetch GET 200 https://registry.npmjs.org/string_decoder 53ms (cache miss)
524 silly packumentCache full:https://registry.npmjs.org/string_decoder set size:undefined disposed:false
525 http fetch GET 200 https://registry.npmjs.org/once 54ms (cache miss)
526 silly packumentCache full:https://registry.npmjs.org/once set size:undefined disposed:false
527 silly placeDep ROOT once@1.4.0 OK for: end-of-stream@1.4.5 want: ^1.4.0
528 silly fetch manifest wrappy@1
529 silly packumentCache full:https://registry.npmjs.org/wrappy cache-miss
530 http fetch GET 200 https://registry.npmjs.org/wrappy 51ms (cache miss)
531 silly packumentCache full:https://registry.npmjs.org/wrappy set size:undefined disposed:false
532 silly placeDep ROOT @nodable/entities@2.2.0 OK for: fast-xml-parser@5.9.3 want: ^2.2.0
533 silly placeDep ROOT fast-xml-builder@1.2.1 OK for: fast-xml-parser@5.9.3 want: ^1.2.0
534 silly placeDep ROOT is-unsafe@1.0.1 OK for: fast-xml-parser@5.9.3 want: ^1.0.1
535 silly placeDep ROOT path-expression-matcher@1.6.2 OK for: fast-xml-parser@5.9.3 want: ^1.5.0
536 silly placeDep ROOT strnum@2.4.1 OK for: fast-xml-parser@5.9.3 want: ^2.4.1
537 silly placeDep ROOT xml-naming@0.1.0 OK for: fast-xml-parser@5.9.3 want: ^0.1.0
538 silly fetch manifest anynum@^1.0.1
539 silly packumentCache full:https://registry.npmjs.org/anynum cache-miss
540 http fetch GET 200 https://registry.npmjs.org/anynum 50ms (cache miss)
541 silly packumentCache full:https://registry.npmjs.org/anynum set size:undefined disposed:false
542 silly placeDep ROOT websocket-driver@0.7.5 OK for: faye-websocket@0.11.4 want: >=0.5.1
543 silly fetch manifest http-parser-js@>=0.5.1
544 silly packumentCache full:https://registry.npmjs.org/http-parser-js cache-miss
545 silly fetch manifest safe-buffer@>=5.1.0
546 silly packumentCache full:https://registry.npmjs.org/safe-buffer cache-miss
547 silly fetch manifest websocket-extensions@>=0.1.1
548 silly packumentCache full:https://registry.npmjs.org/websocket-extensions cache-miss
549 http fetch GET 200 https://registry.npmjs.org/websocket-extensions 53ms (cache miss)
550 silly packumentCache full:https://registry.npmjs.org/websocket-extensions set size:undefined disposed:false
551 http fetch GET 200 https://registry.npmjs.org/safe-buffer 56ms (cache miss)
552 silly packumentCache full:https://registry.npmjs.org/safe-buffer set size:undefined disposed:false
553 http fetch GET 200 https://registry.npmjs.org/http-parser-js 64ms (cache miss)
554 silly packumentCache full:https://registry.npmjs.org/http-parser-js set size:undefined disposed:false
555 silly placeDep ROOT @types/cors@2.8.19 OK for: firebase-functions@6.6.0 want: ^2.8.5
556 silly placeDep ROOT @types/express@4.17.25 OK for: firebase-functions@6.6.0 want: ^4.17.21
557 silly placeDep ROOT cors@2.8.6 OK for: firebase-functions@6.6.0 want: ^2.8.5
558 silly placeDep ROOT express@4.22.2 OK for: firebase-functions@6.6.0 want: ^4.21.0
559 silly fetch manifest @types/node@*
560 silly packumentCache full:https://registry.npmjs.org/@types%2fnode cache-miss
561 silly fetch manifest @types/qs@*
562 silly packumentCache full:https://registry.npmjs.org/@types%2fqs cache-miss
563 silly fetch manifest @types/body-parser@*
564 silly packumentCache full:https://registry.npmjs.org/@types%2fbody-parser cache-miss
565 http cache https://registry.npmjs.org/@types%2fnode 38ms (cache hit)
566 silly packumentCache full:https://registry.npmjs.org/@types%2fnode set size:11080817 disposed:false
567 silly fetch manifest @types/serve-static@^1
568 silly packumentCache full:https://registry.npmjs.org/@types%2fserve-static cache-miss
569 http fetch GET 200 https://registry.npmjs.org/@types%2fbody-parser 157ms (cache miss)
570 silly packumentCache full:https://registry.npmjs.org/@types%2fbody-parser set size:undefined disposed:false
571 silly fetch manifest @types/express-serve-static-core@^4.17.33
572 silly packumentCache full:https://registry.npmjs.org/@types%2fexpress-serve-static-core cache-miss
573 http fetch GET 200 https://registry.npmjs.org/@types%2fqs 161ms (cache miss)
574 silly packumentCache full:https://registry.npmjs.org/@types%2fqs set size:undefined disposed:false
575 silly fetch manifest object-assign@^4
576 silly packumentCache full:https://registry.npmjs.org/object-assign cache-miss
577 http fetch GET 200 https://registry.npmjs.org/@types%2fserve-static 84ms (cache miss)
578 silly packumentCache full:https://registry.npmjs.org/@types%2fserve-static set size:undefined disposed:false
579 silly fetch manifest vary@^1
580 silly packumentCache full:https://registry.npmjs.org/vary cache-miss
581 http fetch GET 200 https://registry.npmjs.org/object-assign 77ms (cache miss)
582 silly packumentCache full:https://registry.npmjs.org/object-assign set size:undefined disposed:false
583 silly fetch manifest qs@~6.15.1
584 silly packumentCache full:https://registry.npmjs.org/qs cache-miss
585 http fetch GET 200 https://registry.npmjs.org/vary 54ms (cache miss)
586 silly packumentCache full:https://registry.npmjs.org/vary set size:undefined disposed:false
587 silly fetch manifest depd@2.0.0
588 silly packumentCache full:https://registry.npmjs.org/depd cache-miss
589 http fetch GET 200 https://registry.npmjs.org/depd 54ms (cache miss)
590 silly packumentCache full:https://registry.npmjs.org/depd set size:undefined disposed:false
591 silly fetch manifest etag@~1.8.1
592 silly packumentCache full:https://registry.npmjs.org/etag cache-miss
593 http fetch GET 200 https://registry.npmjs.org/etag 54ms (cache miss)
594 silly packumentCache full:https://registry.npmjs.org/etag set size:undefined disposed:false
595 silly fetch manifest send@~0.19.0
596 silly packumentCache full:https://registry.npmjs.org/send cache-miss
597 http fetch GET 200 https://registry.npmjs.org/send 58ms (cache miss)
598 silly packumentCache full:https://registry.npmjs.org/send set size:undefined disposed:false
599 silly fetch manifest vary@~1.1.2
600 silly packumentCache full:https://registry.npmjs.org/vary cache-miss
601 http cache https://registry.npmjs.org/vary 5ms (cache hit)
602 silly packumentCache full:https://registry.npmjs.org/vary set size:15994 disposed:false
603 silly fetch manifest debug@2.6.9
604 silly packumentCache full:https://registry.npmjs.org/debug cache-miss
605 http cache https://registry.npmjs.org/debug 3ms (cache hit)
606 silly packumentCache full:https://registry.npmjs.org/debug set size:195840 disposed:false
607 silly fetch manifest fresh@~0.5.2
608 silly packumentCache full:https://registry.npmjs.org/fresh cache-miss
609 http fetch GET 200 https://registry.npmjs.org/fresh 53ms (cache miss)
610 silly packumentCache full:https://registry.npmjs.org/fresh set size:undefined disposed:false
611 silly fetch manifest cookie@~0.7.1
612 silly packumentCache full:https://registry.npmjs.org/cookie cache-miss
613 http fetch GET 200 https://registry.npmjs.org/@types%2fexpress-serve-static-core 369ms (cache miss)
614 silly packumentCache full:https://registry.npmjs.org/@types%2fexpress-serve-static-core set size:undefined disposed:false
615 silly fetch manifest accepts@~1.3.8
616 silly packumentCache full:https://registry.npmjs.org/accepts cache-miss
617 http fetch GET 200 https://registry.npmjs.org/cookie 57ms (cache miss)
618 silly packumentCache full:https://registry.npmjs.org/cookie set size:undefined disposed:false
619 silly fetch manifest methods@~1.1.2
620 silly packumentCache full:https://registry.npmjs.org/methods cache-miss
621 http fetch GET 200 https://registry.npmjs.org/qs 324ms (cache miss)
622 silly packumentCache full:https://registry.npmjs.org/qs set size:undefined disposed:false
623 silly fetch manifest type-is@~1.6.18
624 silly packumentCache full:https://registry.npmjs.org/type-is cache-miss
625 http fetch GET 200 https://registry.npmjs.org/methods 51ms (cache miss)
626 silly packumentCache full:https://registry.npmjs.org/methods set size:undefined disposed:false
627 silly fetch manifest parseurl@~1.3.3
628 silly packumentCache full:https://registry.npmjs.org/parseurl cache-miss
629 http fetch GET 200 https://registry.npmjs.org/accepts 98ms (cache miss)
630 silly packumentCache full:https://registry.npmjs.org/accepts set size:undefined disposed:false
631 silly fetch manifest statuses@~2.0.1
632 silly packumentCache full:https://registry.npmjs.org/statuses cache-miss
633 http fetch GET 200 https://registry.npmjs.org/type-is 98ms (cache miss)
634 silly packumentCache full:https://registry.npmjs.org/type-is set size:undefined disposed:false
635 silly fetch manifest encodeurl@~2.0.0
636 silly packumentCache full:https://registry.npmjs.org/encodeurl cache-miss
637 http fetch GET 200 https://registry.npmjs.org/parseurl 59ms (cache miss)
638 silly packumentCache full:https://registry.npmjs.org/parseurl set size:undefined disposed:false
639 silly fetch manifest proxy-addr@~2.0.7
640 silly packumentCache full:https://registry.npmjs.org/proxy-addr cache-miss
641 http fetch GET 200 https://registry.npmjs.org/encodeurl 544ms (cache miss)
642 silly packumentCache full:https://registry.npmjs.org/encodeurl set size:undefined disposed:false
643 silly fetch manifest body-parser@~1.20.5
644 silly packumentCache full:https://registry.npmjs.org/body-parser cache-miss
645 http fetch GET 200 https://registry.npmjs.org/proxy-addr 600ms (cache miss)
646 silly packumentCache full:https://registry.npmjs.org/proxy-addr set size:undefined disposed:false
647 silly fetch manifest escape-html@~1.0.3
648 silly packumentCache full:https://registry.npmjs.org/escape-html cache-miss
649 http fetch GET 200 https://registry.npmjs.org/statuses 647ms (cache miss)
650 silly packumentCache full:https://registry.npmjs.org/statuses set size:undefined disposed:false
651 silly fetch manifest http-errors@~2.0.0
652 silly packumentCache full:https://registry.npmjs.org/http-errors cache-miss
653 http fetch GET 200 https://registry.npmjs.org/body-parser 71ms (cache miss)
654 silly packumentCache full:https://registry.npmjs.org/body-parser set size:undefined disposed:false
655 silly fetch manifest on-finished@~2.4.1
656 silly packumentCache full:https://registry.npmjs.org/on-finished cache-miss
657 http fetch GET 200 https://registry.npmjs.org/escape-html 68ms (cache miss)
658 silly packumentCache full:https://registry.npmjs.org/escape-html set size:undefined disposed:false
659 silly fetch manifest safe-buffer@5.2.1
660 silly packumentCache full:https://registry.npmjs.org/safe-buffer cache-miss
661 http fetch GET 200 https://registry.npmjs.org/on-finished 87ms (cache miss)
662 silly packumentCache full:https://registry.npmjs.org/on-finished set size:undefined disposed:false
663 silly fetch manifest utils-merge@1.0.1
664 silly packumentCache full:https://registry.npmjs.org/utils-merge cache-miss
665 http cache https://registry.npmjs.org/safe-buffer 36ms (cache hit)
666 silly packumentCache full:https://registry.npmjs.org/safe-buffer set size:41183 disposed:false
667 silly fetch manifest content-type@~1.0.4
668 silly packumentCache full:https://registry.npmjs.org/content-type cache-miss
669 http fetch GET 200 https://registry.npmjs.org/http-errors 108ms (cache miss)
670 silly packumentCache full:https://registry.npmjs.org/http-errors set size:undefined disposed:false
671 silly fetch manifest finalhandler@~1.3.1
672 silly packumentCache full:https://registry.npmjs.org/finalhandler cache-miss
673 http fetch GET 200 https://registry.npmjs.org/utils-merge 52ms (cache miss)
674 silly packumentCache full:https://registry.npmjs.org/utils-merge set size:undefined disposed:false
675 silly fetch manifest range-parser@~1.2.1
676 silly packumentCache full:https://registry.npmjs.org/range-parser cache-miss
677 http fetch GET 200 https://registry.npmjs.org/content-type 58ms (cache miss)
678 silly packumentCache full:https://registry.npmjs.org/content-type set size:undefined disposed:false
679 silly fetch manifest serve-static@~1.16.2
680 silly packumentCache full:https://registry.npmjs.org/serve-static cache-miss
681 http fetch GET 200 https://registry.npmjs.org/finalhandler 115ms (cache miss)
682 silly packumentCache full:https://registry.npmjs.org/finalhandler set size:undefined disposed:false
683 silly fetch manifest array-flatten@1.1.1
684 silly packumentCache full:https://registry.npmjs.org/array-flatten cache-miss
685 http fetch GET 200 https://registry.npmjs.org/range-parser 76ms (cache miss)
686 silly packumentCache full:https://registry.npmjs.org/range-parser set size:undefined disposed:false
687 silly fetch manifest path-to-regexp@~0.1.12
688 silly packumentCache full:https://registry.npmjs.org/path-to-regexp cache-miss
689 http fetch GET 200 https://registry.npmjs.org/serve-static 89ms (cache miss)
690 silly packumentCache full:https://registry.npmjs.org/serve-static set size:undefined disposed:false
691 silly fetch manifest setprototypeof@1.2.0
692 silly packumentCache full:https://registry.npmjs.org/setprototypeof cache-miss
693 http fetch GET 200 https://registry.npmjs.org/array-flatten 64ms (cache miss)
694 silly packumentCache full:https://registry.npmjs.org/array-flatten set size:undefined disposed:false
695 silly fetch manifest cookie-signature@~1.0.6
696 silly packumentCache full:https://registry.npmjs.org/cookie-signature cache-miss
697 http fetch GET 200 https://registry.npmjs.org/setprototypeof 50ms (cache miss)
698 silly packumentCache full:https://registry.npmjs.org/setprototypeof set size:undefined disposed:false
699 silly fetch manifest merge-descriptors@1.0.3
700 silly packumentCache full:https://registry.npmjs.org/merge-descriptors cache-miss
701 http fetch GET 200 https://registry.npmjs.org/cookie-signature 68ms (cache miss)
702 silly packumentCache full:https://registry.npmjs.org/cookie-signature set size:undefined disposed:false
703 silly fetch manifest content-disposition@~0.5.4
704 silly packumentCache full:https://registry.npmjs.org/content-disposition cache-miss
705 http fetch GET 200 https://registry.npmjs.org/merge-descriptors 53ms (cache miss)
706 silly packumentCache full:https://registry.npmjs.org/merge-descriptors set size:undefined disposed:false
707 http fetch GET 200 https://registry.npmjs.org/path-to-regexp 228ms (cache miss)
708 silly packumentCache full:https://registry.npmjs.org/path-to-regexp set size:undefined disposed:false
709 http fetch GET 200 https://registry.npmjs.org/content-disposition 105ms (cache miss)
710 silly packumentCache full:https://registry.npmjs.org/content-disposition set size:undefined disposed:false
711 silly placeDep ROOT @types/node@26.1.1 OK for: @types/cors@2.8.19 want: *
712 silly fetch manifest undici-types@~8.3.0
713 silly packumentCache full:https://registry.npmjs.org/undici-types cache-miss
714 http fetch GET 200 https://registry.npmjs.org/undici-types 123ms (cache miss)
715 silly packumentCache full:https://registry.npmjs.org/undici-types set size:undefined disposed:false
716 silly placeDep ROOT @types/body-parser@1.19.6 OK for: @types/express@4.17.25 want: *
717 silly placeDep ROOT @types/express-serve-static-core@4.19.9 OK for: @types/express@4.17.25 want: ^4.17.33
718 silly placeDep ROOT @types/qs@6.15.1 OK for: @types/express@4.17.25 want: *
719 silly placeDep ROOT @types/serve-static@1.15.10 OK for: @types/express@4.17.25 want: ^1
720 silly fetch manifest @types/connect@*
721 silly packumentCache full:https://registry.npmjs.org/@types%2fconnect cache-miss
722 silly fetch manifest @types/send@*
723 silly packumentCache full:https://registry.npmjs.org/@types%2fsend cache-miss
724 silly fetch manifest @types/range-parser@*
725 silly packumentCache full:https://registry.npmjs.org/@types%2frange-parser cache-miss
726 http fetch GET 200 https://registry.npmjs.org/@types%2frange-parser 62ms (cache miss)
727 silly packumentCache full:https://registry.npmjs.org/@types%2frange-parser set size:undefined disposed:false
728 silly fetch manifest @types/send@<1
729 silly packumentCache full:https://registry.npmjs.org/@types%2fsend cache-miss
730 http fetch GET 200 https://registry.npmjs.org/@types%2fsend 100ms (cache miss)
731 silly packumentCache full:https://registry.npmjs.org/@types%2fsend set size:undefined disposed:false
732 silly fetch manifest @types/http-errors@*
733 silly packumentCache full:https://registry.npmjs.org/@types%2fhttp-errors cache-miss
734 http fetch GET 200 https://registry.npmjs.org/@types%2fconnect 103ms (cache miss)
735 silly packumentCache full:https://registry.npmjs.org/@types%2fconnect set size:undefined disposed:false
736 http fetch GET 200 https://registry.npmjs.org/@types%2fsend 69ms (cache miss)
737 silly packumentCache full:https://registry.npmjs.org/@types%2fsend set size:undefined disposed:false
738 http fetch GET 200 https://registry.npmjs.org/@types%2fhttp-errors 97ms (cache miss)
739 silly packumentCache full:https://registry.npmjs.org/@types%2fhttp-errors set size:undefined disposed:false
740 silly placeDep ROOT @types/connect@3.4.38 OK for: @types/body-parser@1.19.6 want: *
741 silly placeDep ROOT @types/range-parser@1.2.7 OK for: @types/express-serve-static-core@4.19.9 want: *
742 silly placeDep ROOT @types/send@1.2.1 OK for: @types/express-serve-static-core@4.19.9 want: *
743 silly placeDep ROOT undici-types@8.3.0 OK for: @types/node@26.1.1 want: ~8.3.0
744 silly placeDep ROOT @types/http-errors@2.0.5 OK for: @types/serve-static@1.15.10 want: *
745 silly placeDep node_modules/@types/serve-static @types/send@0.17.6 OK for: @types/serve-static@1.15.10 want: <1
746 silly fetch manifest @types/mime@^1
747 silly packumentCache full:https://registry.npmjs.org/@types%2fmime cache-miss
748 http fetch GET 200 https://registry.npmjs.org/@types%2fmime 104ms (cache miss)
749 silly packumentCache full:https://registry.npmjs.org/@types%2fmime set size:undefined disposed:false
750 silly placeDep ROOT object-assign@4.1.1 OK for: cors@2.8.6 want: ^4
751 silly placeDep ROOT vary@1.1.2 OK for: cors@2.8.6 want: ^1
752 silly placeDep ROOT accepts@1.3.8 OK for: express@4.22.2 want: ~1.3.8
753 silly placeDep ROOT array-flatten@1.1.1 OK for: express@4.22.2 want: 1.1.1
754 silly placeDep ROOT body-parser@1.20.5 OK for: express@4.22.2 want: ~1.20.5
755 silly placeDep ROOT content-disposition@0.5.4 OK for: express@4.22.2 want: ~0.5.4
756 silly placeDep ROOT content-type@1.0.5 OK for: express@4.22.2 want: ~1.0.4
757 silly placeDep ROOT cookie@0.7.2 OK for: express@4.22.2 want: ~0.7.1
758 silly placeDep ROOT cookie-signature@1.0.7 OK for: express@4.22.2 want: ~1.0.6
759 silly placeDep ROOT debug@2.6.9 OK for: express@4.22.2 want: 2.6.9
760 silly placeDep ROOT depd@2.0.0 OK for: express@4.22.2 want: 2.0.0
761 silly placeDep ROOT encodeurl@2.0.0 OK for: express@4.22.2 want: ~2.0.0
762 silly placeDep ROOT escape-html@1.0.3 OK for: express@4.22.2 want: ~1.0.3
763 silly placeDep ROOT etag@1.8.1 OK for: express@4.22.2 want: ~1.8.1
764 silly placeDep ROOT finalhandler@1.3.2 OK for: express@4.22.2 want: ~1.3.1
765 silly placeDep ROOT fresh@0.5.2 OK for: express@4.22.2 want: ~0.5.2
766 silly placeDep ROOT http-errors@2.0.1 OK for: express@4.22.2 want: ~2.0.0
767 silly placeDep ROOT merge-descriptors@1.0.3 OK for: express@4.22.2 want: 1.0.3
768 silly placeDep ROOT methods@1.1.2 OK for: express@4.22.2 want: ~1.1.2
769 silly placeDep ROOT on-finished@2.4.1 OK for: express@4.22.2 want: ~2.4.1
770 silly placeDep ROOT parseurl@1.3.3 OK for: express@4.22.2 want: ~1.3.3
771 silly placeDep ROOT path-to-regexp@0.1.13 OK for: express@4.22.2 want: ~0.1.12
772 silly placeDep ROOT proxy-addr@2.0.7 OK for: express@4.22.2 want: ~2.0.7
773 silly placeDep ROOT qs@6.15.3 OK for: express@4.22.2 want: ~6.15.1
774 silly placeDep ROOT range-parser@1.2.1 OK for: express@4.22.2 want: ~1.2.1
775 silly placeDep ROOT safe-buffer@5.2.1 OK for: express@4.22.2 want: 5.2.1
776 silly placeDep ROOT send@0.19.2 OK for: express@4.22.2 want: ~0.19.0
777 silly placeDep ROOT serve-static@1.16.3 OK for: express@4.22.2 want: ~1.16.2
778 silly placeDep ROOT setprototypeof@1.2.0 OK for: express@4.22.2 want: 1.2.0
779 silly placeDep ROOT statuses@2.0.2 OK for: express@4.22.2 want: ~2.0.1
780 silly placeDep ROOT type-is@1.6.18 OK for: express@4.22.2 want: ~1.6.18
781 silly placeDep ROOT utils-merge@1.0.1 OK for: express@4.22.2 want: 1.0.1
782 silly fetch manifest mime-types@~2.1.34
783 silly packumentCache full:https://registry.npmjs.org/mime-types cache-miss
784 silly fetch manifest negotiator@0.6.3
785 silly packumentCache full:https://registry.npmjs.org/negotiator cache-miss
786 silly fetch manifest bytes@~3.1.2
787 silly packumentCache full:https://registry.npmjs.org/bytes cache-miss
788 http fetch GET 200 https://registry.npmjs.org/mime-types 96ms (cache miss)
789 silly packumentCache full:https://registry.npmjs.org/mime-types set size:undefined disposed:false
790 silly fetch manifest unpipe@~1.0.0
791 silly packumentCache full:https://registry.npmjs.org/unpipe cache-miss
792 http fetch GET 200 https://registry.npmjs.org/bytes 78ms (cache miss)
793 silly packumentCache full:https://registry.npmjs.org/bytes set size:undefined disposed:false
794 silly fetch manifest destroy@~1.2.0
795 silly packumentCache full:https://registry.npmjs.org/destroy cache-miss
796 http fetch GET 200 https://registry.npmjs.org/negotiator 187ms (cache miss)
797 silly packumentCache full:https://registry.npmjs.org/negotiator set size:undefined disposed:false
798 silly fetch manifest raw-body@~2.5.3
799 silly packumentCache full:https://registry.npmjs.org/raw-body cache-miss
800 http fetch GET 200 https://registry.npmjs.org/unpipe 118ms (cache miss)
801 silly packumentCache full:https://registry.npmjs.org/unpipe set size:undefined disposed:false
802 silly fetch manifest iconv-lite@~0.4.24
803 silly packumentCache full:https://registry.npmjs.org/iconv-lite cache-miss
804 http fetch GET 200 https://registry.npmjs.org/destroy 107ms (cache miss)
805 silly packumentCache full:https://registry.npmjs.org/destroy set size:undefined disposed:false
806 silly fetch manifest http-errors@~2.0.1
807 silly packumentCache full:https://registry.npmjs.org/http-errors cache-miss
808 http cache https://registry.npmjs.org/http-errors 5ms (cache hit)
809 silly packumentCache full:https://registry.npmjs.org/http-errors set size:71987 disposed:false
810 silly fetch manifest content-type@~1.0.5
811 silly packumentCache full:https://registry.npmjs.org/content-type cache-miss
812 http cache https://registry.npmjs.org/content-type 3ms (cache hit)
813 silly packumentCache full:https://registry.npmjs.org/content-type set size:18994 disposed:false
814 silly fetch manifest ms@2.0.0
815 silly packumentCache full:https://registry.npmjs.org/ms cache-miss
816 http cache https://registry.npmjs.org/ms 5ms (cache hit)
817 silly packumentCache full:https://registry.npmjs.org/ms set size:92208 disposed:false
818 silly fetch manifest statuses@~2.0.2
819 silly packumentCache full:https://registry.npmjs.org/statuses cache-miss
820 http cache https://registry.npmjs.org/statuses 3ms (cache hit)
821 silly packumentCache full:https://registry.npmjs.org/statuses set size:37117 disposed:false
822 silly fetch manifest setprototypeof@~1.2.0
823 silly packumentCache full:https://registry.npmjs.org/setprototypeof cache-miss
824 http cache https://registry.npmjs.org/setprototypeof 3ms (cache hit)
825 silly packumentCache full:https://registry.npmjs.org/setprototypeof set size:14532 disposed:false
826 silly fetch manifest toidentifier@~1.0.1
827 silly packumentCache full:https://registry.npmjs.org/toidentifier cache-miss
828 http fetch GET 200 https://registry.npmjs.org/iconv-lite 57ms (cache miss)
829 silly packumentCache full:https://registry.npmjs.org/iconv-lite set size:undefined disposed:false
830 silly fetch manifest ee-first@1.1.1
831 silly packumentCache full:https://registry.npmjs.org/ee-first cache-miss
832 http fetch GET 200 https://registry.npmjs.org/toidentifier 79ms (cache miss)
833 silly packumentCache full:https://registry.npmjs.org/toidentifier set size:undefined disposed:false
834 silly fetch manifest forwarded@0.2.0
835 silly packumentCache full:https://registry.npmjs.org/forwarded cache-miss
836 http fetch GET 200 https://registry.npmjs.org/raw-body 145ms (cache miss)
837 silly packumentCache full:https://registry.npmjs.org/raw-body set size:undefined disposed:false
838 silly fetch manifest ipaddr.js@1.9.1
839 silly packumentCache full:https://registry.npmjs.org/ipaddr.js cache-miss
840 http fetch GET 200 https://registry.npmjs.org/ee-first 66ms (cache miss)
841 silly packumentCache full:https://registry.npmjs.org/ee-first set size:undefined disposed:false
842 silly fetch manifest side-channel@^1.1.1
843 silly packumentCache full:https://registry.npmjs.org/side-channel cache-miss
844 http fetch GET 200 https://registry.npmjs.org/forwarded 63ms (cache miss)
845 silly packumentCache full:https://registry.npmjs.org/forwarded set size:undefined disposed:false
846 silly fetch manifest es-define-property@^1.0.1
847 silly packumentCache full:https://registry.npmjs.org/es-define-property cache-miss
848 http fetch GET 200 https://registry.npmjs.org/side-channel 76ms (cache miss)
849 silly packumentCache full:https://registry.npmjs.org/side-channel set size:undefined disposed:false
850 silly fetch manifest ms@2.1.3
851 silly packumentCache full:https://registry.npmjs.org/ms cache-hit
852 silly fetch manifest mime@1.6.0
853 silly packumentCache full:https://registry.npmjs.org/mime cache-miss
854 http cache https://registry.npmjs.org/mime 14ms (cache hit)
855 silly packumentCache full:https://registry.npmjs.org/mime set size:119236 disposed:false
856 silly fetch manifest destroy@1.2.0
857 silly packumentCache full:https://registry.npmjs.org/destroy cache-miss
858 http fetch GET 200 https://registry.npmjs.org/ipaddr.js 122ms (cache miss)
859 silly packumentCache full:https://registry.npmjs.org/ipaddr.js set size:undefined disposed:false
860 silly fetch manifest mime-types@~2.1.24
861 silly packumentCache full:https://registry.npmjs.org/mime-types cache-miss
862 http cache https://registry.npmjs.org/destroy 47ms (cache hit)
863 silly packumentCache full:https://registry.npmjs.org/destroy set size:15738 disposed:false
864 silly fetch manifest media-typer@0.3.0
865 silly packumentCache full:https://registry.npmjs.org/media-typer cache-miss
866 http fetch GET 200 https://registry.npmjs.org/es-define-property 104ms (cache miss)
867 silly packumentCache full:https://registry.npmjs.org/es-define-property set size:undefined disposed:false
868 http cache https://registry.npmjs.org/mime-types 59ms (cache hit)
869 silly packumentCache full:https://registry.npmjs.org/mime-types set size:139110 disposed:false
870 http fetch GET 200 https://registry.npmjs.org/media-typer 61ms (cache miss)
871 silly packumentCache full:https://registry.npmjs.org/media-typer set size:undefined disposed:false
872 silly placeDep ROOT mime-types@2.1.35 OK for: accepts@1.3.8 want: ~2.1.34
873 silly placeDep ROOT negotiator@0.6.3 OK for: accepts@1.3.8 want: 0.6.3
874 silly fetch manifest mime-db@1.52.0
875 silly packumentCache full:https://registry.npmjs.org/mime-db cache-miss
876 http fetch GET 200 https://registry.npmjs.org/mime-db 178ms (cache miss)
877 silly packumentCache full:https://registry.npmjs.org/mime-db set size:undefined disposed:false
878 silly placeDep ROOT bytes@3.1.2 OK for: body-parser@1.20.5 want: ~3.1.2
879 silly placeDep ROOT destroy@1.2.0 OK for: body-parser@1.20.5 want: ~1.2.0
880 silly placeDep ROOT iconv-lite@0.4.24 OK for: body-parser@1.20.5 want: ~0.4.24
881 silly placeDep ROOT raw-body@2.5.3 OK for: body-parser@1.20.5 want: ~2.5.3
882 silly placeDep ROOT unpipe@1.0.0 OK for: body-parser@1.20.5 want: ~1.0.0
883 silly fetch manifest safer-buffer@>= 2.1.2 < 3
884 silly packumentCache full:https://registry.npmjs.org/safer-buffer cache-miss
885 http fetch GET 200 https://registry.npmjs.org/safer-buffer 132ms (cache miss)
886 silly packumentCache full:https://registry.npmjs.org/safer-buffer set size:undefined disposed:false
887 silly placeDep ROOT ms@2.0.0 OK for: debug@2.6.9 want: 2.0.0
888 silly fetch manifest encoding@^0.1.0
889 silly packumentCache full:https://registry.npmjs.org/encoding cache-miss
890 http fetch GET 200 https://registry.npmjs.org/encoding 51ms (cache miss)
891 silly packumentCache full:https://registry.npmjs.org/encoding set size:undefined disposed:false
892 silly placeDep ROOT https-proxy-agent@7.0.6 OK for: gaxios@6.7.1 want: ^7.0.1
893 silly placeDep ROOT is-stream@2.0.1 OK for: gaxios@6.7.1 want: ^2.0.0
894 silly placeDep ROOT node-fetch@2.7.0 OK for: gaxios@6.7.1 want: ^2.6.9
895 silly placeDep ROOT uuid@9.0.1 OK for: gaxios@6.7.1 want: ^9.0.1
896 silly fetch manifest debug@4
897 silly packumentCache full:https://registry.npmjs.org/debug cache-hit
898 silly fetch manifest agent-base@^7.1.2
899 silly packumentCache full:https://registry.npmjs.org/agent-base cache-miss
900 silly fetch manifest whatwg-url@^5.0.0
901 silly packumentCache full:https://registry.npmjs.org/whatwg-url cache-miss
902 http fetch GET 200 https://registry.npmjs.org/agent-base 100ms (cache miss)
903 silly packumentCache full:https://registry.npmjs.org/agent-base set size:undefined disposed:false
904 http fetch GET 200 https://registry.npmjs.org/whatwg-url 151ms (cache miss)
905 silly packumentCache full:https://registry.npmjs.org/whatwg-url set size:undefined disposed:false
906 silly placeDep ROOT base64-js@1.5.1 OK for: google-auth-library@10.9.0 want: ^1.3.0
907 silly placeDep ROOT ecdsa-sig-formatter@1.0.11 OK for: google-auth-library@10.9.0 want: ^1.0.11
908 silly placeDep node_modules/google-auth-library gaxios@7.2.0 OK for: google-auth-library@10.9.0 want: ^7.1.4
909 silly placeDep ROOT gcp-metadata@8.1.2 OK for: google-auth-library@10.9.0 want: 8.1.2
910 silly placeDep ROOT google-logging-utils@1.1.3 OK for: google-auth-library@10.9.0 want: 1.1.3
911 silly placeDep ROOT jws@4.0.1 OK for: google-auth-library@10.9.0 want: ^4.0.0
912 silly fetch manifest node-fetch@^3.3.2
913 silly packumentCache full:https://registry.npmjs.org/node-fetch cache-hit
914 silly fetch manifest gaxios@^7.0.0
915 silly packumentCache full:https://registry.npmjs.org/gaxios cache-hit
916 silly fetch manifest json-bigint@^1.0.0
917 silly packumentCache full:https://registry.npmjs.org/json-bigint cache-miss
918 silly fetch manifest google-logging-utils@^1.0.0
919 silly packumentCache full:https://registry.npmjs.org/google-logging-utils cache-miss
920 silly fetch manifest jwa@^2.0.1
921 silly packumentCache full:https://registry.npmjs.org/jwa cache-miss
922 http cache https://registry.npmjs.org/google-logging-utils 5ms (cache hit)
923 silly packumentCache full:https://registry.npmjs.org/google-logging-utils set size:23839 disposed:false
924 http fetch GET 200 https://registry.npmjs.org/json-bigint 63ms (cache miss)
925 silly packumentCache full:https://registry.npmjs.org/json-bigint set size:undefined disposed:false
926 http fetch GET 200 https://registry.npmjs.org/jwa 81ms (cache miss)
927 silly packumentCache full:https://registry.npmjs.org/jwa set size:undefined disposed:false
928 silly placeDep node_modules/gcp-metadata gaxios@7.2.0 OK for: gcp-metadata@8.1.2 want: ^7.0.0
929 silly placeDep ROOT json-bigint@1.0.0 OK for: gcp-metadata@8.1.2 want: ^1.0.0
930 silly fetch manifest bignumber.js@^9.0.0
931 silly packumentCache full:https://registry.npmjs.org/bignumber.js cache-miss
932 http fetch GET 200 https://registry.npmjs.org/bignumber.js 141ms (cache miss)
933 silly packumentCache full:https://registry.npmjs.org/bignumber.js set size:undefined disposed:false
934 silly placeDep ROOT @grpc/grpc-js@1.14.4 OK for: google-gax@4.6.1 want: ^1.10.9
935 silly placeDep ROOT @grpc/proto-loader@0.7.15 OK for: google-gax@4.6.1 want: ^0.7.13
936 silly placeDep ROOT @types/long@4.0.2 OK for: google-gax@4.6.1 want: ^4.0.0
937 silly placeDep node_modules/google-gax google-auth-library@9.15.1 OK for: google-gax@4.6.1 want: ^9.3.0
938 silly placeDep ROOT object-hash@3.0.0 OK for: google-gax@4.6.1 want: ^3.0.0
939 silly placeDep ROOT proto3-json-serializer@2.0.2 OK for: google-gax@4.6.1 want: ^2.0.2
940 silly fetch manifest @grpc/proto-loader@^0.8.0
941 silly packumentCache full:https://registry.npmjs.org/@grpc%2fproto-loader cache-miss
942 silly fetch manifest @js-sdsl/ordered-map@^4.4.2
943 silly packumentCache full:https://registry.npmjs.org/@js-sdsl%2fordered-map cache-miss
944 silly fetch manifest long@^5.0.0
945 silly packumentCache full:https://registry.npmjs.org/long cache-miss
946 http cache https://registry.npmjs.org/long 10ms (cache hit)
947 silly packumentCache full:https://registry.npmjs.org/long set size:80704 disposed:false
948 silly fetch manifest yargs@^17.7.2
949 silly packumentCache full:https://registry.npmjs.org/yargs cache-miss
950 http cache https://registry.npmjs.org/@grpc%2fproto-loader 14ms (cache hit)
951 silly packumentCache full:https://registry.npmjs.org/@grpc%2fproto-loader set size:218355 disposed:false
952 silly fetch manifest lodash.camelcase@^4.3.0
953 silly packumentCache full:https://registry.npmjs.org/lodash.camelcase cache-miss
954 http fetch GET 200 https://registry.npmjs.org/lodash.camelcase 54ms (cache miss)
955 silly packumentCache full:https://registry.npmjs.org/lodash.camelcase set size:undefined disposed:false
956 http fetch GET 200 https://registry.npmjs.org/@js-sdsl%2fordered-map 332ms (cache miss)
957 silly packumentCache full:https://registry.npmjs.org/@js-sdsl%2fordered-map set size:undefined disposed:false
958 http fetch GET 200 https://registry.npmjs.org/yargs 323ms (cache miss)
959 silly packumentCache full:https://registry.npmjs.org/yargs set size:undefined disposed:false
960 silly placeDep node_modules/@grpc/grpc-js @grpc/proto-loader@0.8.1 OK for: @grpc/grpc-js@1.14.4 want: ^0.8.0
961 silly placeDep ROOT @js-sdsl/ordered-map@4.4.2 OK for: @grpc/grpc-js@1.14.4 want: ^4.4.2
962 silly placeDep ROOT lodash.camelcase@4.3.0 OK for: @grpc/proto-loader@0.7.15 want: ^4.3.0
963 silly placeDep ROOT long@5.3.2 OK for: @grpc/proto-loader@0.7.15 want: ^5.0.0
964 silly placeDep ROOT yargs@17.7.3 OK for: @grpc/proto-loader@0.7.15 want: ^17.7.2
965 silly fetch manifest cliui@^8.0.1
966 silly packumentCache full:https://registry.npmjs.org/cliui cache-miss
967 silly fetch manifest escalade@^3.1.1
968 silly packumentCache full:https://registry.npmjs.org/escalade cache-miss
969 silly fetch manifest get-caller-file@^2.0.5
970 silly packumentCache full:https://registry.npmjs.org/get-caller-file cache-miss
971 http fetch GET 200 https://registry.npmjs.org/escalade 77ms (cache miss)
972 silly packumentCache full:https://registry.npmjs.org/escalade set size:undefined disposed:false
973 silly fetch manifest require-directory@^2.1.1
974 silly packumentCache full:https://registry.npmjs.org/require-directory cache-miss
975 http fetch GET 200 https://registry.npmjs.org/get-caller-file 85ms (cache miss)
976 silly packumentCache full:https://registry.npmjs.org/get-caller-file set size:undefined disposed:false
977 silly fetch manifest string-width@^4.2.3
978 silly packumentCache full:https://registry.npmjs.org/string-width cache-miss
979 http fetch GET 200 https://registry.npmjs.org/cliui 149ms (cache miss)
980 silly packumentCache full:https://registry.npmjs.org/cliui set size:undefined disposed:false
981 silly fetch manifest y18n@^5.0.5
982 silly packumentCache full:https://registry.npmjs.org/y18n cache-miss
983 http fetch GET 200 https://registry.npmjs.org/require-directory 76ms (cache miss)
984 silly packumentCache full:https://registry.npmjs.org/require-directory set size:undefined disposed:false
985 silly fetch manifest yargs-parser@^21.1.1
986 silly packumentCache full:https://registry.npmjs.org/yargs-parser cache-miss
987 http fetch GET 200 https://registry.npmjs.org/string-width 85ms (cache miss)
988 silly packumentCache full:https://registry.npmjs.org/string-width set size:undefined disposed:false
989 http fetch GET 200 https://registry.npmjs.org/yargs-parser 71ms (cache miss)
990 silly packumentCache full:https://registry.npmjs.org/yargs-parser set size:undefined disposed:false
991 http fetch GET 200 https://registry.npmjs.org/y18n 92ms (cache miss)
992 silly packumentCache full:https://registry.npmjs.org/y18n set size:undefined disposed:false
993 silly placeDep ROOT toidentifier@1.0.1 OK for: http-errors@2.0.1 want: ~1.0.1
994 silly placeDep ROOT agent-base@7.1.4 OK for: https-proxy-agent@7.0.6 want: ^7.1.2
995 silly placeDep node_modules/https-proxy-agent debug@4.4.3 OK for: https-proxy-agent@7.0.6 want: 4
996 silly fetch manifest ms@^2.1.3
997 silly packumentCache full:https://registry.npmjs.org/ms cache-hit
998 silly placeDep ROOT safer-buffer@2.1.2 OK for: iconv-lite@0.4.24 want: >= 2.1.2 < 3
999 silly placeDep ROOT bignumber.js@9.3.1 OK for: json-bigint@1.0.0 want: ^9.0.0
1000 silly placeDep ROOT lodash.includes@4.3.0 OK for: jsonwebtoken@9.0.3 want: ^4.3.0
1001 silly placeDep ROOT lodash.isboolean@3.0.3 OK for: jsonwebtoken@9.0.3 want: ^3.0.3
1002 silly placeDep ROOT lodash.isinteger@4.0.4 OK for: jsonwebtoken@9.0.3 want: ^4.0.4
1003 silly placeDep ROOT lodash.isnumber@3.0.3 OK for: jsonwebtoken@9.0.3 want: ^3.0.3
1004 silly placeDep ROOT lodash.isplainobject@4.0.6 OK for: jsonwebtoken@9.0.3 want: ^4.0.6
1005 silly placeDep ROOT lodash.isstring@4.0.1 OK for: jsonwebtoken@9.0.3 want: ^4.0.1
1006 silly placeDep ROOT lodash.once@4.1.1 OK for: jsonwebtoken@9.0.3 want: ^4.0.0
1007 silly placeDep node_modules/jsonwebtoken ms@2.1.3 OK for: jsonwebtoken@9.0.3 want: ^2.1.1
1008 silly placeDep ROOT semver@7.8.5 OK for: jsonwebtoken@9.0.3 want: ^7.5.4
1009 silly placeDep ROOT @types/jsonwebtoken@9.0.10 OK for: jwks-rsa@3.2.2 want: ^9.0.4
1010 silly placeDep node_modules/jwks-rsa debug@4.4.3 OK for: jwks-rsa@3.2.2 want: ^4.3.4
1011 silly placeDep ROOT jose@4.15.9 OK for: jwks-rsa@3.2.2 want: ^4.15.4
1012 silly placeDep ROOT limiter@1.1.5 OK for: jwks-rsa@3.2.2 want: ^1.1.5
1013 silly placeDep ROOT lru-memoizer@2.3.0 OK for: jwks-rsa@3.2.2 want: ^2.2.0
1014 silly fetch manifest @types/ms@*
1015 silly packumentCache full:https://registry.npmjs.org/@types%2fms cache-miss
1016 silly fetch manifest lru-cache@6.0.0
1017 silly packumentCache full:https://registry.npmjs.org/lru-cache cache-miss
1018 silly fetch manifest lodash.clonedeep@^4.5.0
1019 silly packumentCache full:https://registry.npmjs.org/lodash.clonedeep cache-miss
1020 http fetch GET 200 https://registry.npmjs.org/@types%2fms 77ms (cache miss)
1021 silly packumentCache full:https://registry.npmjs.org/@types%2fms set size:undefined disposed:false
1022 http fetch GET 200 https://registry.npmjs.org/lodash.clonedeep 77ms (cache miss)
1023 silly packumentCache full:https://registry.npmjs.org/lodash.clonedeep set size:undefined disposed:false
1024 http fetch GET 200 https://registry.npmjs.org/lru-cache 116ms (cache miss)
1025 silly packumentCache full:https://registry.npmjs.org/lru-cache set size:undefined disposed:false
1026 silly placeDep ROOT @types/ms@2.1.0 OK for: @types/jsonwebtoken@9.0.10 want: *
1027 silly placeDep ROOT jwa@2.0.1 OK for: jws@4.0.1 want: ^2.0.1
1028 silly fetch manifest buffer-equal-constant-time@^1.0.1
1029 silly packumentCache full:https://registry.npmjs.org/buffer-equal-constant-time cache-miss
1030 http fetch GET 200 https://registry.npmjs.org/buffer-equal-constant-time 64ms (cache miss)
1031 silly packumentCache full:https://registry.npmjs.org/buffer-equal-constant-time set size:undefined disposed:false
1032 silly placeDep ROOT buffer-equal-constant-time@1.0.1 OK for: jwa@2.0.1 want: ^1.0.1
1033 silly placeDep ROOT lodash.clonedeep@4.5.0 OK for: lru-memoizer@2.3.0 want: ^4.5.0
1034 silly placeDep ROOT lru-cache@6.0.0 OK for: lru-memoizer@2.3.0 want: 6.0.0
1035 silly fetch manifest yallist@^4.0.0
1036 silly packumentCache full:https://registry.npmjs.org/yallist cache-miss
1037 http fetch GET 200 https://registry.npmjs.org/yallist 61ms (cache miss)
1038 silly packumentCache full:https://registry.npmjs.org/yallist set size:undefined disposed:false
1039 silly placeDep ROOT yallist@4.0.0 OK for: lru-cache@6.0.0 want: ^4.0.0
1040 silly placeDep ROOT mime-db@1.52.0 OK for: mime-types@2.1.35 want: 1.52.0
1041 silly placeDep ROOT whatwg-url@5.0.0 OK for: node-fetch@2.7.0 want: ^5.0.0
1042 silly fetch manifest tr46@~0.0.3
1043 silly packumentCache full:https://registry.npmjs.org/tr46 cache-miss
1044 silly fetch manifest webidl-conversions@^3.0.0
1045 silly packumentCache full:https://registry.npmjs.org/webidl-conversions cache-miss
1046 http fetch GET 200 https://registry.npmjs.org/tr46 113ms (cache miss)
1047 silly packumentCache full:https://registry.npmjs.org/tr46 set size:undefined disposed:false
1048 http fetch GET 200 https://registry.npmjs.org/webidl-conversions 174ms (cache miss)
1049 silly packumentCache full:https://registry.npmjs.org/webidl-conversions set size:undefined disposed:false
1050 silly placeDep ROOT ee-first@1.1.1 OK for: on-finished@2.4.1 want: 1.1.1
1051 silly placeDep ROOT wrappy@1.0.2 OK for: once@1.4.0 want: 1
1052 silly placeDep ROOT yocto-queue@0.1.0 OK for: p-limit@3.1.0 want: ^0.1.0
1053 silly placeDep ROOT @protobufjs/aspromise@1.1.2 OK for: protobufjs@7.6.5 want: ^1.1.2
1054 silly placeDep ROOT @protobufjs/base64@1.1.2 OK for: protobufjs@7.6.5 want: ^1.1.2
1055 silly placeDep ROOT @protobufjs/codegen@2.0.5 OK for: protobufjs@7.6.5 want: ^2.0.5
1056 silly placeDep ROOT @protobufjs/eventemitter@1.1.1 OK for: protobufjs@7.6.5 want: ^1.1.1
1057 silly placeDep ROOT @protobufjs/fetch@1.1.1 OK for: protobufjs@7.6.5 want: ^1.1.1
1058 silly placeDep ROOT @protobufjs/float@1.0.2 OK for: protobufjs@7.6.5 want: ^1.0.2
1059 silly placeDep ROOT @protobufjs/path@1.1.2 OK for: protobufjs@7.6.5 want: ^1.1.2
1060 silly placeDep ROOT @protobufjs/pool@1.1.0 OK for: protobufjs@7.6.5 want: ^1.1.0
1061 silly placeDep ROOT @protobufjs/utf8@1.1.2 OK for: protobufjs@7.6.5 want: ^1.1.1
1062 silly placeDep ROOT forwarded@0.2.0 OK for: proxy-addr@2.0.7 want: 0.2.0
1063 silly placeDep ROOT ipaddr.js@1.9.1 OK for: proxy-addr@2.0.7 want: 1.9.1
1064 silly placeDep ROOT es-define-property@1.0.1 OK for: qs@6.15.3 want: ^1.0.1
1065 silly placeDep ROOT side-channel@1.1.1 OK for: qs@6.15.3 want: ^1.1.1
1066 silly fetch manifest es-errors@^1.3.0
1067 silly packumentCache full:https://registry.npmjs.org/es-errors cache-miss
1068 silly fetch manifest object-inspect@^1.13.4
1069 silly packumentCache full:https://registry.npmjs.org/object-inspect cache-miss
1070 silly fetch manifest side-channel-list@^1.0.1
1071 silly packumentCache full:https://registry.npmjs.org/side-channel-list cache-miss
1072 http fetch GET 200 https://registry.npmjs.org/es-errors 52ms (cache miss)
1073 silly packumentCache full:https://registry.npmjs.org/es-errors set size:undefined disposed:false
1074 silly fetch manifest side-channel-map@^1.0.1
1075 silly packumentCache full:https://registry.npmjs.org/side-channel-map cache-miss
1076 http fetch GET 200 https://registry.npmjs.org/side-channel-list 63ms (cache miss)
1077 silly packumentCache full:https://registry.npmjs.org/side-channel-list set size:undefined disposed:false
1078 silly fetch manifest side-channel-weakmap@^1.0.2
1079 silly packumentCache full:https://registry.npmjs.org/side-channel-weakmap cache-miss
1080 http fetch GET 200 https://registry.npmjs.org/object-inspect 67ms (cache miss)
1081 silly packumentCache full:https://registry.npmjs.org/object-inspect set size:undefined disposed:false
1082 http fetch GET 200 https://registry.npmjs.org/side-channel-map 137ms (cache miss)
1083 silly packumentCache full:https://registry.npmjs.org/side-channel-map set size:undefined disposed:false
1084 http fetch GET 200 https://registry.npmjs.org/side-channel-weakmap 126ms (cache miss)
1085 silly packumentCache full:https://registry.npmjs.org/side-channel-weakmap set size:undefined disposed:false
1086 silly placeDep ROOT string_decoder@1.3.0 OK for: readable-stream@3.6.2 want: ^1.1.1
1087 silly placeDep ROOT util-deprecate@1.0.2 OK for: readable-stream@3.6.2 want: ^1.0.1
1088 silly placeDep ROOT @types/request@2.48.13 OK for: retry-request@7.0.2 want: ^2.48.8
1089 silly fetch manifest form-data@^2.5.5
1090 silly packumentCache full:https://registry.npmjs.org/form-data cache-miss
1091 silly fetch manifest @types/caseless@*
1092 silly packumentCache full:https://registry.npmjs.org/@types%2fcaseless cache-miss
1093 silly fetch manifest @types/tough-cookie@*
1094 silly packumentCache full:https://registry.npmjs.org/@types%2ftough-cookie cache-miss
1095 http fetch GET 200 https://registry.npmjs.org/@types%2ftough-cookie 102ms (cache miss)
1096 silly packumentCache full:https://registry.npmjs.org/@types%2ftough-cookie set size:undefined disposed:false
1097 http fetch GET 200 https://registry.npmjs.org/form-data 105ms (cache miss)
1098 silly packumentCache full:https://registry.npmjs.org/form-data set size:undefined disposed:false
1099 http fetch GET 200 https://registry.npmjs.org/@types%2fcaseless 233ms (cache miss)
1100 silly packumentCache full:https://registry.npmjs.org/@types%2fcaseless set size:undefined disposed:false
1101 silly placeDep ROOT @types/caseless@0.12.5 OK for: @types/request@2.48.13 want: *
1102 silly placeDep ROOT @types/tough-cookie@4.0.5 OK for: @types/request@2.48.13 want: *
1103 silly placeDep ROOT form-data@2.5.6 OK for: @types/request@2.48.13 want: ^2.5.5
1104 silly fetch manifest hasown@^2.0.4
1105 silly packumentCache full:https://registry.npmjs.org/hasown cache-miss
1106 silly fetch manifest asynckit@^0.4.0
1107 silly packumentCache full:https://registry.npmjs.org/asynckit cache-miss
1108 silly fetch manifest combined-stream@^1.0.8
1109 silly packumentCache full:https://registry.npmjs.org/combined-stream cache-miss
1110 http fetch GET 200 https://registry.npmjs.org/hasown 85ms (cache miss)
1111 silly packumentCache full:https://registry.npmjs.org/hasown set size:undefined disposed:false
1112 silly fetch manifest es-set-tostringtag@^2.1.0
1113 silly packumentCache full:https://registry.npmjs.org/es-set-tostringtag cache-miss
1114 http fetch GET 200 https://registry.npmjs.org/combined-stream 87ms (cache miss)
1115 silly packumentCache full:https://registry.npmjs.org/combined-stream set size:undefined disposed:false
1116 http fetch GET 200 https://registry.npmjs.org/asynckit 88ms (cache miss)
1117 silly packumentCache full:https://registry.npmjs.org/asynckit set size:undefined disposed:false
1118 http fetch GET 200 https://registry.npmjs.org/es-set-tostringtag 141ms (cache miss)
1119 silly packumentCache full:https://registry.npmjs.org/es-set-tostringtag set size:undefined disposed:false
1120 silly placeDep ROOT asynckit@0.4.0 OK for: form-data@2.5.6 want: ^0.4.0
1121 silly placeDep ROOT combined-stream@1.0.8 OK for: form-data@2.5.6 want: ^1.0.8
1122 silly placeDep ROOT es-set-tostringtag@2.1.0 OK for: form-data@2.5.6 want: ^2.1.0
1123 silly placeDep ROOT hasown@2.0.4 OK for: form-data@2.5.6 want: ^2.0.4
1124 silly fetch manifest delayed-stream@~1.0.0
1125 silly packumentCache full:https://registry.npmjs.org/delayed-stream cache-miss
1126 silly fetch manifest get-intrinsic@^1.2.6
1127 silly packumentCache full:https://registry.npmjs.org/get-intrinsic cache-miss
1128 silly fetch manifest has-tostringtag@^1.0.2
1129 silly packumentCache full:https://registry.npmjs.org/has-tostringtag cache-miss
1130 http fetch GET 200 https://registry.npmjs.org/has-tostringtag 83ms (cache miss)
1131 silly packumentCache full:https://registry.npmjs.org/has-tostringtag set size:undefined disposed:false
1132 silly fetch manifest hasown@^2.0.2
1133 silly packumentCache full:https://registry.npmjs.org/hasown cache-miss
1134 http fetch GET 200 https://registry.npmjs.org/delayed-stream 133ms (cache miss)
1135 silly packumentCache full:https://registry.npmjs.org/delayed-stream set size:undefined disposed:false
1136 silly fetch manifest function-bind@^1.1.2
1137 silly packumentCache full:https://registry.npmjs.org/function-bind cache-miss
1138 http fetch GET 200 https://registry.npmjs.org/get-intrinsic 143ms (cache miss)
1139 silly packumentCache full:https://registry.npmjs.org/get-intrinsic set size:undefined disposed:false
1140 http cache https://registry.npmjs.org/hasown 96ms (cache hit)
1141 silly packumentCache full:https://registry.npmjs.org/hasown set size:18361 disposed:false
1142 http fetch GET 200 https://registry.npmjs.org/function-bind 58ms (cache miss)
1143 silly packumentCache full:https://registry.npmjs.org/function-bind set size:undefined disposed:false
1144 silly placeDep ROOT delayed-stream@1.0.0 OK for: combined-stream@1.0.8 want: ~1.0.0
1145 silly placeDep ROOT es-errors@1.3.0 OK for: es-set-tostringtag@2.1.0 want: ^1.3.0
1146 silly placeDep ROOT get-intrinsic@1.3.0 OK for: es-set-tostringtag@2.1.0 want: ^1.2.6
1147 silly placeDep ROOT has-tostringtag@1.0.2 OK for: es-set-tostringtag@2.1.0 want: ^1.0.2
1148 silly fetch manifest gopd@^1.2.0
1149 silly packumentCache full:https://registry.npmjs.org/gopd cache-miss
1150 silly fetch manifest get-proto@^1.0.1
1151 silly packumentCache full:https://registry.npmjs.org/get-proto cache-miss
1152 silly fetch manifest has-symbols@^1.1.0
1153 silly packumentCache full:https://registry.npmjs.org/has-symbols cache-miss
1154 http fetch GET 200 https://registry.npmjs.org/gopd 62ms (cache miss)
1155 silly packumentCache full:https://registry.npmjs.org/gopd set size:undefined disposed:false
1156 silly fetch manifest es-object-atoms@^1.1.1
1157 silly packumentCache full:https://registry.npmjs.org/es-object-atoms cache-miss
1158 http fetch GET 200 https://registry.npmjs.org/has-symbols 62ms (cache miss)
1159 silly packumentCache full:https://registry.npmjs.org/has-symbols set size:undefined disposed:false
1160 silly fetch manifest math-intrinsics@^1.1.0
1161 silly packumentCache full:https://registry.npmjs.org/math-intrinsics cache-miss
1162 http fetch GET 200 https://registry.npmjs.org/get-proto 63ms (cache miss)
1163 silly packumentCache full:https://registry.npmjs.org/get-proto set size:undefined disposed:false
1164 silly fetch manifest call-bind-apply-helpers@^1.0.2
1165 silly packumentCache full:https://registry.npmjs.org/call-bind-apply-helpers cache-miss
1166 http fetch GET 200 https://registry.npmjs.org/call-bind-apply-helpers 68ms (cache miss)
1167 silly packumentCache full:https://registry.npmjs.org/call-bind-apply-helpers set size:undefined disposed:false
1168 silly fetch manifest has-symbols@^1.0.3
1169 silly packumentCache full:https://registry.npmjs.org/has-symbols cache-miss
1170 http fetch GET 200 https://registry.npmjs.org/es-object-atoms 72ms (cache miss)
1171 silly packumentCache full:https://registry.npmjs.org/es-object-atoms set size:undefined disposed:false
1172 http fetch GET 200 https://registry.npmjs.org/math-intrinsics 84ms (cache miss)
1173 silly packumentCache full:https://registry.npmjs.org/math-intrinsics set size:undefined disposed:false
1174 http cache https://registry.npmjs.org/has-symbols 18ms (cache hit)
1175 silly packumentCache full:https://registry.npmjs.org/has-symbols set size:21550 disposed:false
1176 silly placeDep ROOT call-bind-apply-helpers@1.0.2 OK for: get-intrinsic@1.3.0 want: ^1.0.2
1177 silly placeDep ROOT es-object-atoms@1.1.2 OK for: get-intrinsic@1.3.0 want: ^1.1.1
1178 silly placeDep ROOT function-bind@1.1.2 OK for: get-intrinsic@1.3.0 want: ^1.1.2
1179 silly placeDep ROOT get-proto@1.0.1 OK for: get-intrinsic@1.3.0 want: ^1.0.1
1180 silly placeDep ROOT gopd@1.2.0 OK for: get-intrinsic@1.3.0 want: ^1.2.0
1181 silly placeDep ROOT has-symbols@1.1.0 OK for: get-intrinsic@1.3.0 want: ^1.1.0
1182 silly placeDep ROOT math-intrinsics@1.1.0 OK for: get-intrinsic@1.3.0 want: ^1.1.0
1183 silly fetch manifest dunder-proto@^1.0.1
1184 silly packumentCache full:https://registry.npmjs.org/dunder-proto cache-miss
1185 http fetch GET 200 https://registry.npmjs.org/dunder-proto 56ms (cache miss)
1186 silly packumentCache full:https://registry.npmjs.org/dunder-proto set size:undefined disposed:false
1187 silly placeDep ROOT dunder-proto@1.0.1 OK for: get-proto@1.0.1 want: ^1.0.1
1188 silly placeDep node_modules/send mime@1.6.0 OK for: send@0.19.2 want: 1.6.0
1189 silly placeDep node_modules/send ms@2.1.3 OK for: send@0.19.2 want: 2.1.3
1190 silly placeDep ROOT object-inspect@1.13.4 OK for: side-channel@1.1.1 want: ^1.13.4
1191 silly placeDep ROOT side-channel-list@1.0.1 OK for: side-channel@1.1.1 want: ^1.0.1
1192 silly placeDep ROOT side-channel-map@1.0.1 OK for: side-channel@1.1.1 want: ^1.0.1
1193 silly placeDep ROOT side-channel-weakmap@1.0.2 OK for: side-channel@1.1.1 want: ^1.0.2
1194 silly fetch manifest call-bound@^1.0.2
1195 silly packumentCache full:https://registry.npmjs.org/call-bound cache-miss
1196 silly fetch manifest call-bound@^1.0.2
1197 silly packumentCache full:https://registry.npmjs.org/call-bound cache-miss
1198 http fetch GET 200 https://registry.npmjs.org/call-bound 63ms (cache miss)
1199 silly packumentCache full:https://registry.npmjs.org/call-bound set size:undefined disposed:false
1200 http fetch GET 200 https://registry.npmjs.org/call-bound 65ms (cache miss)
1201 silly packumentCache full:https://registry.npmjs.org/call-bound set size:undefined disposed:false
1202 silly placeDep ROOT call-bound@1.0.4 OK for: side-channel-map@1.0.1 want: ^1.0.2
1203 silly placeDep ROOT anynum@1.0.1 OK for: strnum@2.4.1 want: ^1.0.1
1204 silly placeDep ROOT http-proxy-agent@5.0.0 OK for: teeny-request@9.0.0 want: ^5.0.0
1205 silly placeDep node_modules/teeny-request https-proxy-agent@5.0.1 OK for: teeny-request@9.0.0 want: ^5.0.0
1206 silly placeDep ROOT stream-events@1.0.5 OK for: teeny-request@9.0.0 want: ^1.0.5
1207 silly fetch manifest agent-base@6
1208 silly packumentCache full:https://registry.npmjs.org/agent-base cache-miss
1209 silly fetch manifest @tootallnate/once@2
1210 silly packumentCache full:https://registry.npmjs.org/@tootallnate%2fonce cache-miss
1211 silly fetch manifest agent-base@6
1212 silly packumentCache full:https://registry.npmjs.org/agent-base cache-miss
1213 http cache https://registry.npmjs.org/agent-base 4ms (cache hit)
1214 silly packumentCache full:https://registry.npmjs.org/agent-base set size:72085 disposed:false
1215 silly fetch manifest stubs@^3.0.0
1216 silly packumentCache full:https://registry.npmjs.org/stubs cache-miss
1217 http cache https://registry.npmjs.org/agent-base 28ms (cache hit)
1218 silly packumentCache full:https://registry.npmjs.org/agent-base set size:72085 disposed:false
1219 silly packumentCache full:https://registry.npmjs.org/agent-base dispose
1220 http fetch GET 200 https://registry.npmjs.org/stubs 191ms (cache miss)
1221 silly packumentCache full:https://registry.npmjs.org/stubs set size:undefined disposed:false
1222 http fetch GET 200 https://registry.npmjs.org/@tootallnate%2fonce 210ms (cache miss)
1223 silly packumentCache full:https://registry.npmjs.org/@tootallnate%2fonce set size:undefined disposed:false
1224 silly placeDep ROOT @tootallnate/once@2.0.1 OK for: http-proxy-agent@5.0.0 want: 2
1225 silly placeDep node_modules/http-proxy-agent agent-base@6.0.2 OK for: http-proxy-agent@5.0.0 want: 6
1226 silly placeDep node_modules/http-proxy-agent debug@4.4.3 OK for: http-proxy-agent@5.0.0 want: 4
1227 silly placeDep ROOT stubs@3.0.0 OK for: stream-events@1.0.5 want: ^3.0.0
1228 silly placeDep ROOT media-typer@0.3.0 OK for: type-is@1.6.18 want: 0.3.0
1229 silly placeDep ROOT http-parser-js@0.5.10 OK for: websocket-driver@0.7.5 want: >=0.5.1
1230 silly placeDep ROOT websocket-extensions@0.1.4 OK for: websocket-driver@0.7.5 want: >=0.1.1
1231 silly placeDep ROOT tr46@0.0.3 OK for: whatwg-url@5.0.0 want: ~0.0.3
1232 silly placeDep ROOT webidl-conversions@3.0.1 OK for: whatwg-url@5.0.0 want: ^3.0.0
1233 silly placeDep ROOT cliui@8.0.1 OK for: yargs@17.7.3 want: ^8.0.1
1234 silly placeDep ROOT escalade@3.2.0 OK for: yargs@17.7.3 want: ^3.1.1
1235 silly placeDep ROOT get-caller-file@2.0.5 OK for: yargs@17.7.3 want: ^2.0.5
1236 silly placeDep ROOT require-directory@2.1.1 OK for: yargs@17.7.3 want: ^2.1.1
1237 silly placeDep ROOT string-width@4.2.3 OK for: yargs@17.7.3 want: ^4.2.3
1238 silly placeDep ROOT y18n@5.0.8 OK for: yargs@17.7.3 want: ^5.0.5
1239 silly placeDep ROOT yargs-parser@21.1.1 OK for: yargs@17.7.3 want: ^21.1.1
1240 silly fetch manifest wrap-ansi@^7.0.0
1241 silly packumentCache full:https://registry.npmjs.org/wrap-ansi cache-miss
1242 silly fetch manifest strip-ansi@^6.0.1
1243 silly packumentCache full:https://registry.npmjs.org/strip-ansi cache-miss
1244 silly fetch manifest string-width@^4.2.0
1245 silly packumentCache full:https://registry.npmjs.org/string-width cache-miss
1246 http cache https://registry.npmjs.org/string-width 3ms (cache hit)
1247 silly packumentCache full:https://registry.npmjs.org/string-width set size:70381 disposed:false
1248 silly fetch manifest strip-ansi@^6.0.1
1249 silly packumentCache full:https://registry.npmjs.org/strip-ansi cache-miss
1250 http fetch GET 200 https://registry.npmjs.org/wrap-ansi 62ms (cache miss)
1251 silly packumentCache full:https://registry.npmjs.org/wrap-ansi set size:undefined disposed:false
1252 silly fetch manifest emoji-regex@^8.0.0
1253 silly packumentCache full:https://registry.npmjs.org/emoji-regex cache-miss
1254 http fetch GET 200 https://registry.npmjs.org/strip-ansi 66ms (cache miss)
1255 silly packumentCache full:https://registry.npmjs.org/strip-ansi set size:undefined disposed:false
1256 silly fetch manifest is-fullwidth-code-point@^3.0.0
1257 silly packumentCache full:https://registry.npmjs.org/is-fullwidth-code-point cache-miss
1258 http fetch GET 200 https://registry.npmjs.org/strip-ansi 108ms (cache miss)
1259 silly packumentCache full:https://registry.npmjs.org/strip-ansi set size:undefined disposed:false
1260 http fetch GET 200 https://registry.npmjs.org/emoji-regex 65ms (cache miss)
1261 silly packumentCache full:https://registry.npmjs.org/emoji-regex set size:undefined disposed:false
1262 http fetch GET 200 https://registry.npmjs.org/is-fullwidth-code-point 63ms (cache miss)
1263 silly packumentCache full:https://registry.npmjs.org/is-fullwidth-code-point set size:undefined disposed:false
1264 silly placeDep ROOT strip-ansi@6.0.1 OK for: cliui@8.0.1 want: ^6.0.1
1265 silly placeDep ROOT wrap-ansi@7.0.0 OK for: cliui@8.0.1 want: ^7.0.0
1266 silly fetch manifest ansi-regex@^5.0.1
1267 silly packumentCache full:https://registry.npmjs.org/ansi-regex cache-miss
1268 silly fetch manifest ansi-styles@^4.0.0
1269 silly packumentCache full:https://registry.npmjs.org/ansi-styles cache-miss
1270 http fetch GET 200 https://registry.npmjs.org/ansi-styles 54ms (cache miss)
1271 silly packumentCache full:https://registry.npmjs.org/ansi-styles set size:undefined disposed:false
1272 http fetch GET 200 https://registry.npmjs.org/ansi-regex 90ms (cache miss)
1273 silly packumentCache full:https://registry.npmjs.org/ansi-regex set size:undefined disposed:false
1274 silly placeDep ROOT emoji-regex@8.0.0 OK for: string-width@4.2.3 want: ^8.0.0
1275 silly placeDep ROOT is-fullwidth-code-point@3.0.0 OK for: string-width@4.2.3 want: ^3.0.0
1276 silly placeDep ROOT ansi-regex@5.0.1 OK for: strip-ansi@6.0.1 want: ^5.0.1
1277 silly placeDep ROOT ansi-styles@4.3.0 OK for: wrap-ansi@7.0.0 want: ^4.0.0
1278 silly fetch manifest color-convert@^2.0.1
1279 silly packumentCache full:https://registry.npmjs.org/color-convert cache-miss
1280 http fetch GET 200 https://registry.npmjs.org/color-convert 106ms (cache miss)
1281 silly packumentCache full:https://registry.npmjs.org/color-convert set size:undefined disposed:false
1282 silly placeDep ROOT color-convert@2.0.1 OK for: ansi-styles@4.3.0 want: ^2.0.1
1283 silly fetch manifest color-name@~1.1.4
1284 silly packumentCache full:https://registry.npmjs.org/color-name cache-miss
1285 http fetch GET 200 https://registry.npmjs.org/color-name 50ms (cache miss)
1286 silly packumentCache full:https://registry.npmjs.org/color-name set size:undefined disposed:false
1287 silly placeDep ROOT color-name@1.1.4 OK for: color-convert@2.0.1 want: ~1.1.4
1288 silly placeDep node_modules/@google-cloud/storage gcp-metadata@6.1.1 OK for: google-auth-library@9.15.1 want: ^6.1.0
1289 silly placeDep ROOT gtoken@7.1.0 OK for: google-auth-library@9.15.1 want: ^7.0.0
1290 silly fetch manifest google-logging-utils@^0.0.2
1291 silly packumentCache full:https://registry.npmjs.org/google-logging-utils cache-hit
1292 silly placeDep node_modules/@google-cloud/storage google-logging-utils@0.0.2 OK for: gcp-metadata@6.1.1 want: ^0.0.2
1293 silly placeDep ROOT @types/mime@1.3.5 OK for: @types/send@0.17.6 want: ^1
1294 silly placeDep node_modules/gcp-metadata node-fetch@3.3.2 OK for: gaxios@7.2.0 want: ^3.3.2
1295 silly fetch manifest data-uri-to-buffer@^4.0.0
1296 silly packumentCache full:https://registry.npmjs.org/data-uri-to-buffer cache-miss
1297 silly fetch manifest fetch-blob@^3.1.4
1298 silly packumentCache full:https://registry.npmjs.org/fetch-blob cache-miss
1299 silly fetch manifest formdata-polyfill@^4.0.10
1300 silly packumentCache full:https://registry.npmjs.org/formdata-polyfill cache-miss
1301 http fetch GET 200 https://registry.npmjs.org/formdata-polyfill 66ms (cache miss)
1302 silly packumentCache full:https://registry.npmjs.org/formdata-polyfill set size:undefined disposed:false
1303 http fetch GET 200 https://registry.npmjs.org/data-uri-to-buffer 101ms (cache miss)
1304 silly packumentCache full:https://registry.npmjs.org/data-uri-to-buffer set size:undefined disposed:false
1305 http fetch GET 200 https://registry.npmjs.org/fetch-blob 101ms (cache miss)
1306 silly packumentCache full:https://registry.npmjs.org/fetch-blob set size:undefined disposed:false
1307 silly placeDep ROOT data-uri-to-buffer@4.0.1 OK for: node-fetch@3.3.2 want: ^4.0.0
1308 silly placeDep ROOT fetch-blob@3.2.0 OK for: node-fetch@3.3.2 want: ^3.1.4
1309 silly placeDep ROOT formdata-polyfill@4.0.10 OK for: node-fetch@3.3.2 want: ^4.0.10
1310 silly fetch manifest node-domexception@^1.0.0
1311 silly packumentCache full:https://registry.npmjs.org/node-domexception cache-miss
1312 silly fetch manifest web-streams-polyfill@^3.0.3
1313 silly packumentCache full:https://registry.npmjs.org/web-streams-polyfill cache-miss
1314 http fetch GET 200 https://registry.npmjs.org/node-domexception 54ms (cache miss)
1315 silly packumentCache full:https://registry.npmjs.org/node-domexception set size:undefined disposed:false
1316 http fetch GET 200 https://registry.npmjs.org/web-streams-polyfill 132ms (cache miss)
1317 silly packumentCache full:https://registry.npmjs.org/web-streams-polyfill set size:undefined disposed:false
1318 silly placeDep ROOT node-domexception@1.0.0 OK for: fetch-blob@3.2.0 want: ^1.0.0
1319 silly placeDep ROOT web-streams-polyfill@3.3.3 OK for: fetch-blob@3.2.0 want: ^3.0.3
1320 silly placeDep node_modules/google-auth-library node-fetch@3.3.2 OK for: gaxios@7.2.0 want: ^3.3.2
1321 silly placeDep node_modules/google-gax gcp-metadata@6.1.1 OK for: google-auth-library@9.15.1 want: ^6.1.0
1322 silly placeDep node_modules/google-gax google-logging-utils@0.0.2 OK for: gcp-metadata@6.1.1 want: ^0.0.2
1323 silly placeDep node_modules/http-proxy-agent ms@2.1.3 OK for: debug@4.4.3 want: ^2.1.3
1324 silly placeDep node_modules/https-proxy-agent ms@2.1.3 OK for: debug@4.4.3 want: ^2.1.3
1325 silly placeDep node_modules/jwks-rsa ms@2.1.3 OK for: debug@4.4.3 want: ^2.1.3
1326 silly placeDep node_modules/teeny-request agent-base@6.0.2 OK for: https-proxy-agent@5.0.1 want: 6
1327 silly placeDep node_modules/teeny-request debug@4.4.3 OK for: https-proxy-agent@5.0.1 want: 4
1328 silly placeDep node_modules/teeny-request ms@2.1.3 OK for: debug@4.4.3 want: ^2.1.3
1329 warn EBADENGINE Unsupported engine {
1329 warn EBADENGINE   package: undefined,
1329 warn EBADENGINE   required: { node: '20' },
1329 warn EBADENGINE   current: { node: 'v24.16.0', npm: '11.13.0' }
1329 warn EBADENGINE }
1330 silly reify moves {}
1331 silly audit bulk request {
1331 silly audit   'firebase-admin': [ '13.10.0' ],
1331 silly audit   'firebase-functions': [ '6.6.0' ],
1331 silly audit   typescript: [ '5.9.3' ],
1331 silly audit   '@fastify/busboy': [ '3.2.0' ],
1331 silly audit   '@firebase/database-compat': [ '2.1.4' ],
1331 silly audit   '@firebase/database-types': [ '1.0.20' ],
1331 silly audit   '@google-cloud/firestore': [ '7.11.6' ],
1331 silly audit   '@google-cloud/storage': [ '7.21.0' ],
1331 silly audit   'farmhash-modern': [ '1.1.0' ],
1331 silly audit   'fast-deep-equal': [ '3.1.3' ],
1331 silly audit   'google-auth-library': [ '10.9.0', '9.15.1' ],
1331 silly audit   jsonwebtoken: [ '9.0.3' ],
1331 silly audit   'jwks-rsa': [ '3.2.2' ],
1331 silly audit   '@firebase/component': [ '0.7.3' ],
1331 silly audit   '@firebase/database': [ '1.1.3' ],
1331 silly audit   '@firebase/logger': [ '0.5.1' ],
1331 silly audit   '@firebase/util': [ '1.15.1' ],
1331 silly audit   tslib: [ '2.8.1' ],
1331 silly audit   '@firebase/app-check-interop-types': [ '0.3.4' ],
1331 silly audit   '@firebase/auth-interop-types': [ '0.2.5' ],
1331 silly audit   'faye-websocket': [ '0.11.4' ],
1331 silly audit   '@firebase/app-types': [ '0.9.5' ],
1331 silly audit   '@opentelemetry/api': [ '1.9.1' ],
1331 silly audit   'functional-red-black-tree': [ '1.0.1' ],
1331 silly audit   'google-gax': [ '4.6.1' ],
1331 silly audit   protobufjs: [ '7.6.5' ],
1331 silly audit   '@google-cloud/paginator': [ '5.0.2' ],
1331 silly audit   '@google-cloud/projectify': [ '4.0.0' ],
1331 silly audit   '@google-cloud/promisify': [ '4.0.0' ],
1331 silly audit   'abort-controller': [ '3.0.0' ],
1331 silly audit   'async-retry': [ '1.3.3' ],
1331 silly audit   duplexify: [ '4.1.3' ],
1331 silly audit   'fast-xml-parser': [ '5.9.3' ],
1331 silly audit   gaxios: [ '6.7.1', '7.2.0' ],
1331 silly audit   'html-entities': [ '2.6.0' ],
1331 silly audit   mime: [ '3.0.0', '1.6.0' ],
1331 silly audit   'p-limit': [ '3.1.0' ],
1331 silly audit   'retry-request': [ '7.0.2' ],
1331 silly audit   'teeny-request': [ '9.0.0' ],
1331 silly audit   arrify: [ '2.0.1' ],
1331 silly audit   extend: [ '3.0.2' ],
1331 silly audit   'event-target-shim': [ '5.0.1' ],
1331 silly audit   retry: [ '0.13.1' ],
1331 silly audit   'end-of-stream': [ '1.4.5' ],
1331 silly audit   inherits: [ '2.0.4' ],
1331 silly audit   'readable-stream': [ '3.6.2' ],
1331 silly audit   'stream-shift': [ '1.0.3' ],
1331 silly audit   once: [ '1.4.0' ],
1331 silly audit   '@nodable/entities': [ '2.2.0' ],
1331 silly audit   'fast-xml-builder': [ '1.2.1' ],
1331 silly audit   'is-unsafe': [ '1.0.1' ],
1331 silly audit   'path-expression-matcher': [ '1.6.2' ],
1331 silly audit   strnum: [ '2.4.1' ],
1331 silly audit   'xml-naming': [ '0.1.0' ],
1331 silly audit   'websocket-driver': [ '0.7.5' ],
1331 silly audit   '@types/cors': [ '2.8.19' ],
1331 silly audit   '@types/express': [ '4.17.25' ],
1331 silly audit   cors: [ '2.8.6' ],
1331 silly audit   express: [ '4.22.2' ],
1331 silly audit   '@types/node': [ '26.1.1' ],
1331 silly audit   '@types/body-parser': [ '1.19.6' ],
1331 silly audit   '@types/express-serve-static-core': [ '4.19.9' ],
1331 silly audit   '@types/qs': [ '6.15.1' ],
1331 silly audit   '@types/serve-static': [ '1.15.10' ],
1331 silly audit   '@types/connect': [ '3.4.38' ],
1331 silly audit   '@types/range-parser': [ '1.2.7' ],
1331 silly audit   '@types/send': [ '1.2.1', '0.17.6' ],
1331 silly audit   'undici-types': [ '8.3.0' ],
1331 silly audit   '@types/http-errors': [ '2.0.5' ],
1331 silly audit   'object-assign': [ '4.1.1' ],
1331 silly audit   vary: [ '1.1.2' ],
1331 silly audit   accepts: [ '1.3.8' ],
1331 silly audit   'array-flatten': [ '1.1.1' ],
1331 silly audit   'body-parser': [ '1.20.5' ],
1331 silly audit   'content-disposition': [ '0.5.4' ],
1331 silly audit   'content-type': [ '1.0.5' ],
1331 silly audit   cookie: [ '0.7.2' ],
1331 silly audit   'cookie-signature': [ '1.0.7' ],
1331 silly audit   debug: [ '2.6.9', '4.4.3' ],
1331 silly audit   depd: [ '2.0.0' ],
1331 silly audit   encodeurl: [ '2.0.0' ],
1331 silly audit   'escape-html': [ '1.0.3' ],
1331 silly audit   etag: [ '1.8.1' ],
1331 silly audit   finalhandler: [ '1.3.2' ],
1331 silly audit   fresh: [ '0.5.2' ],
1331 silly audit   'http-errors': [ '2.0.1' ],
1331 silly audit   'merge-descriptors': [ '1.0.3' ],
1331 silly audit   methods: [ '1.1.2' ],
1331 silly audit   'on-finished': [ '2.4.1' ],
1331 silly audit   parseurl: [ '1.3.3' ],
1331 silly audit   'path-to-regexp': [ '0.1.13' ],
1331 silly audit   'proxy-addr': [ '2.0.7' ],
1331 silly audit   qs: [ '6.15.3' ],
1331 silly audit   'range-parser': [ '1.2.1' ],
1331 silly audit   'safe-buffer': [ '5.2.1' ],
1331 silly audit   send: [ '0.19.2' ],
1331 silly audit   'serve-static': [ '1.16.3' ],
1331 silly audit   setprototypeof: [ '1.2.0' ],
1331 silly audit   statuses: [ '2.0.2' ],
1331 silly audit   'type-is': [ '1.6.18' ],
1331 silly audit   'utils-merge': [ '1.0.1' ],
1331 silly audit   'mime-types': [ '2.1.35' ],
1331 silly audit   negotiator: [ '0.6.3' ],
1331 silly audit   bytes: [ '3.1.2' ],
1331 silly audit   destroy: [ '1.2.0' ],
1331 silly audit   'iconv-lite': [ '0.4.24' ],
1331 silly audit   'raw-body': [ '2.5.3' ],
1331 silly audit   unpipe: [ '1.0.0' ],
1331 silly audit   ms: [ '2.0.0', '2.1.3' ],
1331 silly audit   'https-proxy-agent': [ '7.0.6', '5.0.1' ],
1331 silly audit   'is-stream': [ '2.0.1' ],
1331 silly audit   'node-fetch': [ '2.7.0', '3.3.2' ],
1331 silly audit   uuid: [ '9.0.1' ],
1331 silly audit   'base64-js': [ '1.5.1' ],
1331 silly audit   'ecdsa-sig-formatter': [ '1.0.11' ],
1331 silly audit   'gcp-metadata': [ '8.1.2', '6.1.1' ],
1331 silly audit   'google-logging-utils': [ '1.1.3', '0.0.2' ],
1331 silly audit   jws: [ '4.0.1' ],
1331 silly audit   'json-bigint': [ '1.0.0' ],
1331 silly audit   '@grpc/grpc-js': [ '1.14.4' ],
1331 silly audit   '@grpc/proto-loader': [ '0.7.15', '0.8.1' ],
1331 silly audit   '@types/long': [ '4.0.2' ],
1331 silly audit   'object-hash': [ '3.0.0' ],
1331 silly audit   'proto3-json-serializer': [ '2.0.2' ],
1331 silly audit   '@js-sdsl/ordered-map': [ '4.4.2' ],
1331 silly audit   'lodash.camelcase': [ '4.3.0' ],
1331 silly audit   long: [ '5.3.2' ],
1331 silly audit   yargs: [ '17.7.3' ],
1331 silly audit   toidentifier: [ '1.0.1' ],
1331 silly audit   'agent-base': [ '7.1.4', '6.0.2' ],
1331 silly audit   'safer-buffer': [ '2.1.2' ],
1331 silly audit   'bignumber.js': [ '9.3.1' ],
1331 silly audit   'lodash.includes': [ '4.3.0' ],
1331 silly audit   'lodash.isboolean': [ '3.0.3' ],
1331 silly audit   'lodash.isinteger': [ '4.0.4' ],
1331 silly audit   'lodash.isnumber': [ '3.0.3' ],
1331 silly audit   'lodash.isplainobject': [ '4.0.6' ],
1331 silly audit   'lodash.isstring': [ '4.0.1' ],
1331 silly audit   'lodash.once': [ '4.1.1' ],
1331 silly audit   semver: [ '7.8.5' ],
1331 silly audit   '@types/jsonwebtoken': [ '9.0.10' ],
1331 silly audit   jose: [ '4.15.9' ],
1331 silly audit   limiter: [ '1.1.5' ],
1331 silly audit   'lru-memoizer': [ '2.3.0' ],
1331 silly audit   '@types/ms': [ '2.1.0' ],
1331 silly audit   jwa: [ '2.0.1' ],
1331 silly audit   'buffer-equal-constant-time': [ '1.0.1' ],
1331 silly audit   'lodash.clonedeep': [ '4.5.0' ],
1331 silly audit   'lru-cache': [ '6.0.0' ],
1331 silly audit   yallist: [ '4.0.0' ],
1331 silly audit   'mime-db': [ '1.52.0' ],
1331 silly audit   'whatwg-url': [ '5.0.0' ],
1331 silly audit   'ee-first': [ '1.1.1' ],
1331 silly audit   wrappy: [ '1.0.2' ],
1331 silly audit   'yocto-queue': [ '0.1.0' ],
1331 silly audit   '@protobufjs/aspromise': [ '1.1.2' ],
1331 silly audit   '@protobufjs/base64': [ '1.1.2' ],
1331 silly audit   '@protobufjs/codegen': [ '2.0.5' ],
1331 silly audit   '@protobufjs/eventemitter': [ '1.1.1' ],
1331 silly audit   '@protobufjs/fetch': [ '1.1.1' ],
1331 silly audit   '@protobufjs/float': [ '1.0.2' ],
1331 silly audit   '@protobufjs/path': [ '1.1.2' ],
1331 silly audit   '@protobufjs/pool': [ '1.1.0' ],
1331 silly audit   '@protobufjs/utf8': [ '1.1.2' ],
1331 silly audit   forwarded: [ '0.2.0' ],
1331 silly audit   'ipaddr.js': [ '1.9.1' ],
1331 silly audit   'es-define-property': [ '1.0.1' ],
1331 silly audit   'side-channel': [ '1.1.1' ],
1331 silly audit   string_decoder: [ '1.3.0' ],
1331 silly audit   'util-deprecate': [ '1.0.2' ],
1331 silly audit   '@types/request': [ '2.48.13' ],
1331 silly audit   '@types/caseless': [ '0.12.5' ],
1331 silly audit   '@types/tough-cookie': [ '4.0.5' ],
1331 silly audit   'form-data': [ '2.5.6' ],
1331 silly audit   asynckit: [ '0.4.0' ],
1331 silly audit   'combined-stream': [ '1.0.8' ],
1331 silly audit   'es-set-tostringtag': [ '2.1.0' ],
1331 silly audit   hasown: [ '2.0.4' ],
1331 silly audit   'delayed-stream': [ '1.0.0' ],
1331 silly audit   'es-errors': [ '1.3.0' ],
1331 silly audit   'get-intrinsic': [ '1.3.0' ],
1331 silly audit   'has-tostringtag': [ '1.0.2' ],
1331 silly audit   'call-bind-apply-helpers': [ '1.0.2' ],
1331 silly audit   'es-object-atoms': [ '1.1.2' ],
1331 silly audit   'function-bind': [ '1.1.2' ],
1331 silly audit   'get-proto': [ '1.0.1' ],
1331 silly audit   gopd: [ '1.2.0' ],
1331 silly audit   'has-symbols': [ '1.1.0' ],
1331 silly audit   'math-intrinsics': [ '1.1.0' ],
1331 silly audit   'dunder-proto': [ '1.0.1' ],
1331 silly audit   'object-inspect': [ '1.13.4' ],
1331 silly audit   'side-channel-list': [ '1.0.1' ],
1331 silly audit   'side-channel-map': [ '1.0.1' ],
1331 silly audit   'side-channel-weakmap': [ '1.0.2' ],
1331 silly audit   'call-bound': [ '1.0.4' ],
1331 silly audit   anynum: [ '1.0.1' ],
1331 silly audit   'http-proxy-agent': [ '5.0.0' ],
1331 silly audit   'stream-events': [ '1.0.5' ],
1331 silly audit   '@tootallnate/once': [ '2.0.1' ],
1331 silly audit   stubs: [ '3.0.0' ],
1331 silly audit   'media-typer': [ '0.3.0' ],
1331 silly audit   'http-parser-js': [ '0.5.10' ],
1331 silly audit   'websocket-extensions': [ '0.1.4' ],
1331 silly audit   tr46: [ '0.0.3' ],
1331 silly audit   'webidl-conversions': [ '3.0.1' ],
1331 silly audit   cliui: [ '8.0.1' ],
1331 silly audit   escalade: [ '3.2.0' ],
1331 silly audit   'get-caller-file': [ '2.0.5' ],
1331 silly audit   'require-directory': [ '2.1.1' ],
1331 silly audit   'string-width': [ '4.2.3' ],
1331 silly audit   y18n: [ '5.0.8' ],
1331 silly audit   'yargs-parser': [ '21.1.1' ],
1331 silly audit   'strip-ansi': [ '6.0.1' ],
1331 silly audit   'wrap-ansi': [ '7.0.0' ],
1331 silly audit   'emoji-regex': [ '8.0.0' ],
1331 silly audit   'is-fullwidth-code-point': [ '3.0.0' ],
1331 silly audit   'ansi-regex': [ '5.0.1' ],
1331 silly audit   'ansi-styles': [ '4.3.0' ],
1331 silly audit   'color-convert': [ '2.0.1' ],
1331 silly audit   'color-name': [ '1.1.4' ],
1331 silly audit   gtoken: [ '7.1.0' ],
1331 silly audit   '@types/mime': [ '1.3.5' ],
1331 silly audit   'data-uri-to-buffer': [ '4.0.1' ],
1331 silly audit   'fetch-blob': [ '3.2.0' ],
1331 silly audit   'formdata-polyfill': [ '4.0.10' ],
1331 silly audit   'node-domexception': [ '1.0.0' ],
1331 silly audit   'web-streams-polyfill': [ '3.3.3' ]
1331 silly audit }
1332 http cache node-domexception@https://registry.npmjs.org/node-domexception/-/node-domexception-1.0.0.tgz 0ms (cache hit)
1333 http cache web-streams-polyfill@https://registry.npmjs.org/web-streams-polyfill/-/web-streams-polyfill-3.3.3.tgz 0ms (cache hit)
1334 http cache formdata-polyfill@https://registry.npmjs.org/formdata-polyfill/-/formdata-polyfill-4.0.10.tgz 0ms (cache hit)
1335 http cache data-uri-to-buffer@https://registry.npmjs.org/data-uri-to-buffer/-/data-uri-to-buffer-4.0.1.tgz 0ms (cache hit)
1336 http cache fetch-blob@https://registry.npmjs.org/fetch-blob/-/fetch-blob-3.2.0.tgz 0ms (cache hit)
1337 http cache @types/mime@https://registry.npmjs.org/@types/mime/-/mime-1.3.5.tgz 0ms (cache hit)
1338 http cache gtoken@https://registry.npmjs.org/gtoken/-/gtoken-7.1.0.tgz 0ms (cache hit)
1339 http cache color-convert@https://registry.npmjs.org/color-convert/-/color-convert-2.0.1.tgz 0ms (cache hit)
1340 http cache color-name@https://registry.npmjs.org/color-name/-/color-name-1.1.4.tgz 0ms (cache hit)
1341 http cache ansi-styles@https://registry.npmjs.org/ansi-styles/-/ansi-styles-4.3.0.tgz 0ms (cache hit)
1342 http cache ansi-regex@https://registry.npmjs.org/ansi-regex/-/ansi-regex-5.0.1.tgz 0ms (cache hit)
1343 http cache is-fullwidth-code-point@https://registry.npmjs.org/is-fullwidth-code-point/-/is-fullwidth-code-point-3.0.0.tgz 0ms (cache hit)
1344 http cache emoji-regex@https://registry.npmjs.org/emoji-regex/-/emoji-regex-8.0.0.tgz 0ms (cache hit)
1345 http cache wrap-ansi@https://registry.npmjs.org/wrap-ansi/-/wrap-ansi-7.0.0.tgz 0ms (cache hit)
1346 http cache strip-ansi@https://registry.npmjs.org/strip-ansi/-/strip-ansi-6.0.1.tgz 0ms (cache hit)
1347 http cache yargs-parser@https://registry.npmjs.org/yargs-parser/-/yargs-parser-21.1.1.tgz 0ms (cache hit)
1348 http cache y18n@https://registry.npmjs.org/y18n/-/y18n-5.0.8.tgz 0ms (cache hit)
1349 http cache string-width@https://registry.npmjs.org/string-width/-/string-width-4.2.3.tgz 0ms (cache hit)
1350 http cache require-directory@https://registry.npmjs.org/require-directory/-/require-directory-2.1.1.tgz 0ms (cache hit)
1351 http cache get-caller-file@https://registry.npmjs.org/get-caller-file/-/get-caller-file-2.0.5.tgz 0ms (cache hit)
1352 http cache cliui@https://registry.npmjs.org/cliui/-/cliui-8.0.1.tgz 0ms (cache hit)
1353 http cache escalade@https://registry.npmjs.org/escalade/-/escalade-3.2.0.tgz 0ms (cache hit)
1354 http cache webidl-conversions@https://registry.npmjs.org/webidl-conversions/-/webidl-conversions-3.0.1.tgz 0ms (cache hit)
1355 http cache tr46@https://registry.npmjs.org/tr46/-/tr46-0.0.3.tgz 0ms (cache hit)
1356 http cache websocket-extensions@https://registry.npmjs.org/websocket-extensions/-/websocket-extensions-0.1.4.tgz 0ms (cache hit)
1357 http cache http-parser-js@https://registry.npmjs.org/http-parser-js/-/http-parser-js-0.5.10.tgz 0ms (cache hit)
1358 http cache media-typer@https://registry.npmjs.org/media-typer/-/media-typer-0.3.0.tgz 0ms (cache hit)
1359 http cache stubs@https://registry.npmjs.org/stubs/-/stubs-3.0.0.tgz 0ms (cache hit)
1360 http cache @tootallnate/once@https://registry.npmjs.org/@tootallnate/once/-/once-2.0.1.tgz 0ms (cache hit)
1361 http cache stream-events@https://registry.npmjs.org/stream-events/-/stream-events-1.0.5.tgz 0ms (cache hit)
1362 http cache http-proxy-agent@https://registry.npmjs.org/http-proxy-agent/-/http-proxy-agent-5.0.0.tgz 0ms (cache hit)
1363 http cache anynum@https://registry.npmjs.org/anynum/-/anynum-1.0.1.tgz 0ms (cache hit)
1364 http cache call-bound@https://registry.npmjs.org/call-bound/-/call-bound-1.0.4.tgz 0ms (cache hit)
1365 http cache side-channel-weakmap@https://registry.npmjs.org/side-channel-weakmap/-/side-channel-weakmap-1.0.2.tgz 0ms (cache hit)
1366 http cache side-channel-map@https://registry.npmjs.org/side-channel-map/-/side-channel-map-1.0.1.tgz 0ms (cache hit)
1367 http cache side-channel-list@https://registry.npmjs.org/side-channel-list/-/side-channel-list-1.0.1.tgz 0ms (cache hit)
1368 http cache object-inspect@https://registry.npmjs.org/object-inspect/-/object-inspect-1.13.4.tgz 0ms (cache hit)
1369 http cache dunder-proto@https://registry.npmjs.org/dunder-proto/-/dunder-proto-1.0.1.tgz 0ms (cache hit)
1370 http cache math-intrinsics@https://registry.npmjs.org/math-intrinsics/-/math-intrinsics-1.1.0.tgz 0ms (cache hit)
1371 http cache gopd@https://registry.npmjs.org/gopd/-/gopd-1.2.0.tgz 0ms (cache hit)
1372 http cache has-symbols@https://registry.npmjs.org/has-symbols/-/has-symbols-1.1.0.tgz 0ms (cache hit)
1373 http cache get-proto@https://registry.npmjs.org/get-proto/-/get-proto-1.0.1.tgz 0ms (cache hit)
1374 http cache function-bind@https://registry.npmjs.org/function-bind/-/function-bind-1.1.2.tgz 0ms (cache hit)
1375 http cache es-object-atoms@https://registry.npmjs.org/es-object-atoms/-/es-object-atoms-1.1.2.tgz 0ms (cache hit)
1376 http cache call-bind-apply-helpers@https://registry.npmjs.org/call-bind-apply-helpers/-/call-bind-apply-helpers-1.0.2.tgz 0ms (cache hit)
1377 http cache has-tostringtag@https://registry.npmjs.org/has-tostringtag/-/has-tostringtag-1.0.2.tgz 0ms (cache hit)
1378 http cache get-intrinsic@https://registry.npmjs.org/get-intrinsic/-/get-intrinsic-1.3.0.tgz 0ms (cache hit)
1379 http cache es-errors@https://registry.npmjs.org/es-errors/-/es-errors-1.3.0.tgz 0ms (cache hit)
1380 http cache delayed-stream@https://registry.npmjs.org/delayed-stream/-/delayed-stream-1.0.0.tgz 0ms (cache hit)
1381 http cache hasown@https://registry.npmjs.org/hasown/-/hasown-2.0.4.tgz 0ms (cache hit)
1382 http cache combined-stream@https://registry.npmjs.org/combined-stream/-/combined-stream-1.0.8.tgz 0ms (cache hit)
1383 http cache es-set-tostringtag@https://registry.npmjs.org/es-set-tostringtag/-/es-set-tostringtag-2.1.0.tgz 0ms (cache hit)
1384 http cache asynckit@https://registry.npmjs.org/asynckit/-/asynckit-0.4.0.tgz 0ms (cache hit)
1385 http cache @types/tough-cookie@https://registry.npmjs.org/@types/tough-cookie/-/tough-cookie-4.0.5.tgz 0ms (cache hit)
1386 http cache form-data@https://registry.npmjs.org/form-data/-/form-data-2.5.6.tgz 0ms (cache hit)
1387 http cache @types/caseless@https://registry.npmjs.org/@types/caseless/-/caseless-0.12.5.tgz 0ms (cache hit)
1388 http cache util-deprecate@https://registry.npmjs.org/util-deprecate/-/util-deprecate-1.0.2.tgz 0ms (cache hit)
1389 http cache @types/request@https://registry.npmjs.org/@types/request/-/request-2.48.13.tgz 0ms (cache hit)
1390 http cache string_decoder@https://registry.npmjs.org/string_decoder/-/string_decoder-1.3.0.tgz 0ms (cache hit)
1391 http cache side-channel@https://registry.npmjs.org/side-channel/-/side-channel-1.1.1.tgz 0ms (cache hit)
1392 http cache es-define-property@https://registry.npmjs.org/es-define-property/-/es-define-property-1.0.1.tgz 0ms (cache hit)
1393 http cache ipaddr.js@https://registry.npmjs.org/ipaddr.js/-/ipaddr.js-1.9.1.tgz 0ms (cache hit)
1394 http cache forwarded@https://registry.npmjs.org/forwarded/-/forwarded-0.2.0.tgz 0ms (cache hit)
1395 http cache @protobufjs/pool@https://registry.npmjs.org/@protobufjs/pool/-/pool-1.1.0.tgz 0ms (cache hit)
1396 http cache @protobufjs/float@https://registry.npmjs.org/@protobufjs/float/-/float-1.0.2.tgz 0ms (cache hit)
1397 http cache @protobufjs/fetch@https://registry.npmjs.org/@protobufjs/fetch/-/fetch-1.1.1.tgz 0ms (cache hit)
1398 http cache @protobufjs/utf8@https://registry.npmjs.org/@protobufjs/utf8/-/utf8-1.1.2.tgz 1ms (cache hit)
1399 http cache @protobufjs/path@https://registry.npmjs.org/@protobufjs/path/-/path-1.1.2.tgz 0ms (cache hit)
1400 http cache @protobufjs/codegen@https://registry.npmjs.org/@protobufjs/codegen/-/codegen-2.0.5.tgz 0ms (cache hit)
1401 http cache @protobufjs/eventemitter@https://registry.npmjs.org/@protobufjs/eventemitter/-/eventemitter-1.1.1.tgz 0ms (cache hit)
1402 http cache @protobufjs/base64@https://registry.npmjs.org/@protobufjs/base64/-/base64-1.1.2.tgz 0ms (cache hit)
1403 http cache @protobufjs/aspromise@https://registry.npmjs.org/@protobufjs/aspromise/-/aspromise-1.1.2.tgz 0ms (cache hit)
1404 http cache yocto-queue@https://registry.npmjs.org/yocto-queue/-/yocto-queue-0.1.0.tgz 0ms (cache hit)
1405 http cache wrappy@https://registry.npmjs.org/wrappy/-/wrappy-1.0.2.tgz 0ms (cache hit)
1406 http cache ee-first@https://registry.npmjs.org/ee-first/-/ee-first-1.1.1.tgz 0ms (cache hit)
1407 http cache whatwg-url@https://registry.npmjs.org/whatwg-url/-/whatwg-url-5.0.0.tgz 0ms (cache hit)
1408 http cache mime-db@https://registry.npmjs.org/mime-db/-/mime-db-1.52.0.tgz 0ms (cache hit)
1409 http cache yallist@https://registry.npmjs.org/yallist/-/yallist-4.0.0.tgz 0ms (cache hit)
1410 http cache lodash.clonedeep@https://registry.npmjs.org/lodash.clonedeep/-/lodash.clonedeep-4.5.0.tgz 0ms (cache hit)
1411 http cache lru-cache@https://registry.npmjs.org/lru-cache/-/lru-cache-6.0.0.tgz 0ms (cache hit)
1412 http cache jwa@https://registry.npmjs.org/jwa/-/jwa-2.0.1.tgz 0ms (cache hit)
1413 http cache buffer-equal-constant-time@https://registry.npmjs.org/buffer-equal-constant-time/-/buffer-equal-constant-time-1.0.1.tgz 0ms (cache hit)
1414 http cache lru-memoizer@https://registry.npmjs.org/lru-memoizer/-/lru-memoizer-2.3.0.tgz 0ms (cache hit)
1415 http cache @types/ms@https://registry.npmjs.org/@types/ms/-/ms-2.1.0.tgz 0ms (cache hit)
1416 http cache limiter@https://registry.npmjs.org/limiter/-/limiter-1.1.5.tgz 0ms (cache hit)
1417 http cache jose@https://registry.npmjs.org/jose/-/jose-4.15.9.tgz 0ms (cache hit)
1418 http cache @types/jsonwebtoken@https://registry.npmjs.org/@types/jsonwebtoken/-/jsonwebtoken-9.0.10.tgz 0ms (cache hit)
1419 http cache semver@https://registry.npmjs.org/semver/-/semver-7.8.5.tgz 0ms (cache hit)
1420 http cache lodash.once@https://registry.npmjs.org/lodash.once/-/lodash.once-4.1.1.tgz 0ms (cache hit)
1421 http cache lodash.isstring@https://registry.npmjs.org/lodash.isstring/-/lodash.isstring-4.0.1.tgz 0ms (cache hit)
1422 http cache lodash.isplainobject@https://registry.npmjs.org/lodash.isplainobject/-/lodash.isplainobject-4.0.6.tgz 0ms (cache hit)
1423 http cache lodash.isnumber@https://registry.npmjs.org/lodash.isnumber/-/lodash.isnumber-3.0.3.tgz 0ms (cache hit)
1424 http cache lodash.isinteger@https://registry.npmjs.org/lodash.isinteger/-/lodash.isinteger-4.0.4.tgz 0ms (cache hit)
1425 http cache lodash.isboolean@https://registry.npmjs.org/lodash.isboolean/-/lodash.isboolean-3.0.3.tgz 0ms (cache hit)
1426 http cache lodash.includes@https://registry.npmjs.org/lodash.includes/-/lodash.includes-4.3.0.tgz 0ms (cache hit)
1427 http cache bignumber.js@https://registry.npmjs.org/bignumber.js/-/bignumber.js-9.3.1.tgz 0ms (cache hit)
1428 http cache safer-buffer@https://registry.npmjs.org/safer-buffer/-/safer-buffer-2.1.2.tgz 0ms (cache hit)
1429 http cache agent-base@https://registry.npmjs.org/agent-base/-/agent-base-7.1.4.tgz 0ms (cache hit)
1430 http cache toidentifier@https://registry.npmjs.org/toidentifier/-/toidentifier-1.0.1.tgz 0ms (cache hit)
1431 http cache yargs@https://registry.npmjs.org/yargs/-/yargs-17.7.3.tgz 0ms (cache hit)
1432 http cache long@https://registry.npmjs.org/long/-/long-5.3.2.tgz 0ms (cache hit)
1433 http cache lodash.camelcase@https://registry.npmjs.org/lodash.camelcase/-/lodash.camelcase-4.3.0.tgz 0ms (cache hit)
1434 http cache @js-sdsl/ordered-map@https://registry.npmjs.org/@js-sdsl/ordered-map/-/ordered-map-4.4.2.tgz 0ms (cache hit)
1435 http cache proto3-json-serializer@https://registry.npmjs.org/proto3-json-serializer/-/proto3-json-serializer-2.0.2.tgz 0ms (cache hit)
1436 http cache object-hash@https://registry.npmjs.org/object-hash/-/object-hash-3.0.0.tgz 1ms (cache hit)
1437 http cache @types/long@https://registry.npmjs.org/@types/long/-/long-4.0.2.tgz 0ms (cache hit)
1438 http cache @grpc/proto-loader@https://registry.npmjs.org/@grpc/proto-loader/-/proto-loader-0.7.15.tgz 0ms (cache hit)
1439 http cache @grpc/grpc-js@https://registry.npmjs.org/@grpc/grpc-js/-/grpc-js-1.14.4.tgz 0ms (cache hit)
1440 http cache json-bigint@https://registry.npmjs.org/json-bigint/-/json-bigint-1.0.0.tgz 0ms (cache hit)
1441 http cache jws@https://registry.npmjs.org/jws/-/jws-4.0.1.tgz 0ms (cache hit)
1442 http cache google-logging-utils@https://registry.npmjs.org/google-logging-utils/-/google-logging-utils-1.1.3.tgz 0ms (cache hit)
1443 http cache gcp-metadata@https://registry.npmjs.org/gcp-metadata/-/gcp-metadata-8.1.2.tgz 0ms (cache hit)
1444 http cache ecdsa-sig-formatter@https://registry.npmjs.org/ecdsa-sig-formatter/-/ecdsa-sig-formatter-1.0.11.tgz 0ms (cache hit)
1445 http cache base64-js@https://registry.npmjs.org/base64-js/-/base64-js-1.5.1.tgz 0ms (cache hit)
1446 http cache is-stream@https://registry.npmjs.org/is-stream/-/is-stream-2.0.1.tgz 0ms (cache hit)
1447 http cache https-proxy-agent@https://registry.npmjs.org/https-proxy-agent/-/https-proxy-agent-7.0.6.tgz 0ms (cache hit)
1448 http cache uuid@https://registry.npmjs.org/uuid/-/uuid-9.0.1.tgz 0ms (cache hit)
1449 http cache node-fetch@https://registry.npmjs.org/node-fetch/-/node-fetch-2.7.0.tgz 0ms (cache hit)
1450 http cache ms@https://registry.npmjs.org/ms/-/ms-2.0.0.tgz 0ms (cache hit)
1451 http cache unpipe@https://registry.npmjs.org/unpipe/-/unpipe-1.0.0.tgz 0ms (cache hit)
1452 http cache raw-body@https://registry.npmjs.org/raw-body/-/raw-body-2.5.3.tgz 0ms (cache hit)
1453 http cache iconv-lite@https://registry.npmjs.org/iconv-lite/-/iconv-lite-0.4.24.tgz 0ms (cache hit)
1454 http cache destroy@https://registry.npmjs.org/destroy/-/destroy-1.2.0.tgz 0ms (cache hit)
1455 http cache bytes@https://registry.npmjs.org/bytes/-/bytes-3.1.2.tgz 1ms (cache hit)
1456 http cache negotiator@https://registry.npmjs.org/negotiator/-/negotiator-0.6.3.tgz 0ms (cache hit)
1457 http cache mime-types@https://registry.npmjs.org/mime-types/-/mime-types-2.1.35.tgz 0ms (cache hit)
1458 http cache utils-merge@https://registry.npmjs.org/utils-merge/-/utils-merge-1.0.1.tgz 0ms (cache hit)
1459 http cache type-is@https://registry.npmjs.org/type-is/-/type-is-1.6.18.tgz 0ms (cache hit)
1460 http cache statuses@https://registry.npmjs.org/statuses/-/statuses-2.0.2.tgz 0ms (cache hit)
1461 http cache setprototypeof@https://registry.npmjs.org/setprototypeof/-/setprototypeof-1.2.0.tgz 0ms (cache hit)
1462 http cache serve-static@https://registry.npmjs.org/serve-static/-/serve-static-1.16.3.tgz 0ms (cache hit)
1463 http cache send@https://registry.npmjs.org/send/-/send-0.19.2.tgz 0ms (cache hit)
1464 http cache safe-buffer@https://registry.npmjs.org/safe-buffer/-/safe-buffer-5.2.1.tgz 0ms (cache hit)
1465 http cache range-parser@https://registry.npmjs.org/range-parser/-/range-parser-1.2.1.tgz 0ms (cache hit)
1466 http cache qs@https://registry.npmjs.org/qs/-/qs-6.15.3.tgz 0ms (cache hit)
1467 http cache proxy-addr@https://registry.npmjs.org/proxy-addr/-/proxy-addr-2.0.7.tgz 0ms (cache hit)
1468 http cache path-to-regexp@https://registry.npmjs.org/path-to-regexp/-/path-to-regexp-0.1.13.tgz 0ms (cache hit)
1469 http cache parseurl@https://registry.npmjs.org/parseurl/-/parseurl-1.3.3.tgz 0ms (cache hit)
1470 http cache methods@https://registry.npmjs.org/methods/-/methods-1.1.2.tgz 0ms (cache hit)
1471 http cache on-finished@https://registry.npmjs.org/on-finished/-/on-finished-2.4.1.tgz 0ms (cache hit)
1472 http cache merge-descriptors@https://registry.npmjs.org/merge-descriptors/-/merge-descriptors-1.0.3.tgz 0ms (cache hit)
1473 http cache http-errors@https://registry.npmjs.org/http-errors/-/http-errors-2.0.1.tgz 0ms (cache hit)
1474 http cache fresh@https://registry.npmjs.org/fresh/-/fresh-0.5.2.tgz 0ms (cache hit)
1475 http cache finalhandler@https://registry.npmjs.org/finalhandler/-/finalhandler-1.3.2.tgz 0ms (cache hit)
1476 http cache etag@https://registry.npmjs.org/etag/-/etag-1.8.1.tgz 0ms (cache hit)
1477 http cache escape-html@https://registry.npmjs.org/escape-html/-/escape-html-1.0.3.tgz 0ms (cache hit)
1478 http cache encodeurl@https://registry.npmjs.org/encodeurl/-/encodeurl-2.0.0.tgz 0ms (cache hit)
1479 http cache cookie-signature@https://registry.npmjs.org/cookie-signature/-/cookie-signature-1.0.7.tgz 0ms (cache hit)
1480 http cache cookie@https://registry.npmjs.org/cookie/-/cookie-0.7.2.tgz 0ms (cache hit)
1481 http cache depd@https://registry.npmjs.org/depd/-/depd-2.0.0.tgz 0ms (cache hit)
1482 http cache debug@https://registry.npmjs.org/debug/-/debug-2.6.9.tgz 0ms (cache hit)
1483 http cache content-disposition@https://registry.npmjs.org/content-disposition/-/content-disposition-0.5.4.tgz 0ms (cache hit)
1484 http cache content-type@https://registry.npmjs.org/content-type/-/content-type-1.0.5.tgz 0ms (cache hit)
1485 http cache body-parser@https://registry.npmjs.org/body-parser/-/body-parser-1.20.5.tgz 0ms (cache hit)
1486 http cache accepts@https://registry.npmjs.org/accepts/-/accepts-1.3.8.tgz 0ms (cache hit)
1487 http cache array-flatten@https://registry.npmjs.org/array-flatten/-/array-flatten-1.1.1.tgz 0ms (cache hit)
1488 http cache vary@https://registry.npmjs.org/vary/-/vary-1.1.2.tgz 0ms (cache hit)
1489 http cache object-assign@https://registry.npmjs.org/object-assign/-/object-assign-4.1.1.tgz 0ms (cache hit)
1490 http cache @types/http-errors@https://registry.npmjs.org/@types/http-errors/-/http-errors-2.0.5.tgz 0ms (cache hit)
1491 http cache undici-types@https://registry.npmjs.org/undici-types/-/undici-types-8.3.0.tgz 0ms (cache hit)
1492 http cache @types/send@https://registry.npmjs.org/@types/send/-/send-1.2.1.tgz 0ms (cache hit)
1493 http cache @types/range-parser@https://registry.npmjs.org/@types/range-parser/-/range-parser-1.2.7.tgz 0ms (cache hit)
1494 http cache @types/connect@https://registry.npmjs.org/@types/connect/-/connect-3.4.38.tgz 0ms (cache hit)
1495 http cache @types/serve-static@https://registry.npmjs.org/@types/serve-static/-/serve-static-1.15.10.tgz 0ms (cache hit)
1496 http cache @types/qs@https://registry.npmjs.org/@types/qs/-/qs-6.15.1.tgz 0ms (cache hit)
1497 http cache @types/express-serve-static-core@https://registry.npmjs.org/@types/express-serve-static-core/-/express-serve-static-core-4.19.9.tgz 0ms (cache hit)
1498 http cache @types/body-parser@https://registry.npmjs.org/@types/body-parser/-/body-parser-1.19.6.tgz 0ms (cache hit)
1499 http cache @types/node@https://registry.npmjs.org/@types/node/-/node-26.1.1.tgz 0ms (cache hit)
1500 http cache express@https://registry.npmjs.org/express/-/express-4.22.2.tgz 0ms (cache hit)
1501 http cache cors@https://registry.npmjs.org/cors/-/cors-2.8.6.tgz 0ms (cache hit)
1502 http cache @types/express@https://registry.npmjs.org/@types/express/-/express-4.17.25.tgz 0ms (cache hit)
1503 http cache @types/cors@https://registry.npmjs.org/@types/cors/-/cors-2.8.19.tgz 0ms (cache hit)
1504 http cache websocket-driver@https://registry.npmjs.org/websocket-driver/-/websocket-driver-0.7.5.tgz 0ms (cache hit)
1505 http cache xml-naming@https://registry.npmjs.org/xml-naming/-/xml-naming-0.1.0.tgz 0ms (cache hit)
1506 http cache strnum@https://registry.npmjs.org/strnum/-/strnum-2.4.1.tgz 0ms (cache hit)
1507 http cache path-expression-matcher@https://registry.npmjs.org/path-expression-matcher/-/path-expression-matcher-1.6.2.tgz 0ms (cache hit)
1508 http cache fast-xml-builder@https://registry.npmjs.org/fast-xml-builder/-/fast-xml-builder-1.2.1.tgz 0ms (cache hit)
1509 http cache is-unsafe@https://registry.npmjs.org/is-unsafe/-/is-unsafe-1.0.1.tgz 0ms (cache hit)
1510 http cache once@https://registry.npmjs.org/once/-/once-1.4.0.tgz 0ms (cache hit)
1511 http cache @nodable/entities@https://registry.npmjs.org/@nodable/entities/-/entities-2.2.0.tgz 0ms (cache hit)
1512 http cache stream-shift@https://registry.npmjs.org/stream-shift/-/stream-shift-1.0.3.tgz 0ms (cache hit)
1513 http cache readable-stream@https://registry.npmjs.org/readable-stream/-/readable-stream-3.6.2.tgz 0ms (cache hit)
1514 http cache inherits@https://registry.npmjs.org/inherits/-/inherits-2.0.4.tgz 0ms (cache hit)
1515 http cache end-of-stream@https://registry.npmjs.org/end-of-stream/-/end-of-stream-1.4.5.tgz 0ms (cache hit)
1516 http cache retry@https://registry.npmjs.org/retry/-/retry-0.13.1.tgz 0ms (cache hit)
1517 http cache event-target-shim@https://registry.npmjs.org/event-target-shim/-/event-target-shim-5.0.1.tgz 0ms (cache hit)
1518 http cache extend@https://registry.npmjs.org/extend/-/extend-3.0.2.tgz 0ms (cache hit)
1519 http cache arrify@https://registry.npmjs.org/arrify/-/arrify-2.0.1.tgz 0ms (cache hit)
1520 http cache teeny-request@https://registry.npmjs.org/teeny-request/-/teeny-request-9.0.0.tgz 0ms (cache hit)
1521 http cache retry-request@https://registry.npmjs.org/retry-request/-/retry-request-7.0.2.tgz 0ms (cache hit)
1522 http cache p-limit@https://registry.npmjs.org/p-limit/-/p-limit-3.1.0.tgz 0ms (cache hit)
1523 http cache mime@https://registry.npmjs.org/mime/-/mime-3.0.0.tgz 0ms (cache hit)
1524 http cache html-entities@https://registry.npmjs.org/html-entities/-/html-entities-2.6.0.tgz 0ms (cache hit)
1525 http cache gaxios@https://registry.npmjs.org/gaxios/-/gaxios-6.7.1.tgz 0ms (cache hit)
1526 http cache fast-xml-parser@https://registry.npmjs.org/fast-xml-parser/-/fast-xml-parser-5.9.3.tgz 0ms (cache hit)
1527 http cache duplexify@https://registry.npmjs.org/duplexify/-/duplexify-4.1.3.tgz 0ms (cache hit)
1528 http cache async-retry@https://registry.npmjs.org/async-retry/-/async-retry-1.3.3.tgz 0ms (cache hit)
1529 http cache abort-controller@https://registry.npmjs.org/abort-controller/-/abort-controller-3.0.0.tgz 0ms (cache hit)
1530 http cache @google-cloud/promisify@https://registry.npmjs.org/@google-cloud/promisify/-/promisify-4.0.0.tgz 0ms (cache hit)
1531 http cache @google-cloud/projectify@https://registry.npmjs.org/@google-cloud/projectify/-/projectify-4.0.0.tgz 0ms (cache hit)
1532 http cache @google-cloud/paginator@https://registry.npmjs.org/@google-cloud/paginator/-/paginator-5.0.2.tgz 0ms (cache hit)
1533 http cache protobufjs@https://registry.npmjs.org/protobufjs/-/protobufjs-7.6.5.tgz 0ms (cache hit)
1534 http cache google-gax@https://registry.npmjs.org/google-gax/-/google-gax-4.6.1.tgz 0ms (cache hit)
1535 http cache functional-red-black-tree@https://registry.npmjs.org/functional-red-black-tree/-/functional-red-black-tree-1.0.1.tgz 0ms (cache hit)
1536 http cache @opentelemetry/api@https://registry.npmjs.org/@opentelemetry/api/-/api-1.9.1.tgz 0ms (cache hit)
1537 http cache @firebase/app-types@https://registry.npmjs.org/@firebase/app-types/-/app-types-0.9.5.tgz 0ms (cache hit)
1538 http cache faye-websocket@https://registry.npmjs.org/faye-websocket/-/faye-websocket-0.11.4.tgz 0ms (cache hit)
1539 http cache @firebase/app-check-interop-types@https://registry.npmjs.org/@firebase/app-check-interop-types/-/app-check-interop-types-0.3.4.tgz 0ms (cache hit)
1540 http cache @firebase/auth-interop-types@https://registry.npmjs.org/@firebase/auth-interop-types/-/auth-interop-types-0.2.5.tgz 0ms (cache hit)
1541 http cache tslib@https://registry.npmjs.org/tslib/-/tslib-2.8.1.tgz 0ms (cache hit)
1542 http cache @firebase/util@https://registry.npmjs.org/@firebase/util/-/util-1.15.1.tgz 0ms (cache hit)
1543 http cache jwks-rsa@https://registry.npmjs.org/jwks-rsa/-/jwks-rsa-3.2.2.tgz 0ms (cache hit)
1544 http cache @firebase/database@https://registry.npmjs.org/@firebase/database/-/database-1.1.3.tgz 0ms (cache hit)
1545 http cache @firebase/component@https://registry.npmjs.org/@firebase/component/-/component-0.7.3.tgz 0ms (cache hit)
1546 http cache jsonwebtoken@https://registry.npmjs.org/jsonwebtoken/-/jsonwebtoken-9.0.3.tgz 0ms (cache hit)
1547 http cache @firebase/logger@https://registry.npmjs.org/@firebase/logger/-/logger-0.5.1.tgz 0ms (cache hit)
1548 http cache google-auth-library@https://registry.npmjs.org/google-auth-library/-/google-auth-library-10.9.0.tgz 0ms (cache hit)
1549 http cache fast-deep-equal@https://registry.npmjs.org/fast-deep-equal/-/fast-deep-equal-3.1.3.tgz 0ms (cache hit)
1550 http cache farmhash-modern@https://registry.npmjs.org/farmhash-modern/-/farmhash-modern-1.1.0.tgz 0ms (cache hit)
1551 http cache @google-cloud/storage@https://registry.npmjs.org/@google-cloud/storage/-/storage-7.21.0.tgz 0ms (cache hit)
1552 http cache @google-cloud/firestore@https://registry.npmjs.org/@google-cloud/firestore/-/firestore-7.11.6.tgz 0ms (cache hit)
1553 http cache @firebase/database-compat@https://registry.npmjs.org/@firebase/database-compat/-/database-compat-2.1.4.tgz 0ms (cache hit)
1554 http cache @firebase/database-types@https://registry.npmjs.org/@firebase/database-types/-/database-types-1.0.20.tgz 0ms (cache hit)
1555 http cache @fastify/busboy@https://registry.npmjs.org/@fastify/busboy/-/busboy-3.2.0.tgz 0ms (cache hit)
1556 http cache typescript@https://registry.npmjs.org/typescript/-/typescript-5.9.3.tgz 0ms (cache hit)
1557 http cache firebase-functions@https://registry.npmjs.org/firebase-functions/-/firebase-functions-6.6.0.tgz 1ms (cache hit)
1558 http cache firebase-admin@https://registry.npmjs.org/firebase-admin/-/firebase-admin-13.10.0.tgz 0ms (cache hit)
1559 http cache debug@https://registry.npmjs.org/debug/-/debug-4.4.3.tgz 0ms (cache hit)
1560 http cache agent-base@https://registry.npmjs.org/agent-base/-/agent-base-6.0.2.tgz 0ms (cache hit)
1561 http cache ms@https://registry.npmjs.org/ms/-/ms-2.1.3.tgz 0ms (cache hit)
1562 http cache @grpc/proto-loader@https://registry.npmjs.org/@grpc/proto-loader/-/proto-loader-0.8.1.tgz 0ms (cache hit)
1563 http cache gaxios@https://registry.npmjs.org/gaxios/-/gaxios-7.2.0.tgz 0ms (cache hit)
1564 http cache node-fetch@https://registry.npmjs.org/node-fetch/-/node-fetch-3.3.2.tgz 0ms (cache hit)
1565 http cache debug@https://registry.npmjs.org/debug/-/debug-4.4.3.tgz 0ms (cache hit)
1566 http cache ms@https://registry.npmjs.org/ms/-/ms-2.1.3.tgz 0ms (cache hit)
1567 http cache mime@https://registry.npmjs.org/mime/-/mime-1.6.0.tgz 0ms (cache hit)
1568 http cache ms@https://registry.npmjs.org/ms/-/ms-2.1.3.tgz 0ms (cache hit)
1569 http cache @types/send@https://registry.npmjs.org/@types/send/-/send-0.17.6.tgz 0ms (cache hit)
1570 http cache ms@https://registry.npmjs.org/ms/-/ms-2.1.3.tgz 0ms (cache hit)
1571 http cache debug@https://registry.npmjs.org/debug/-/debug-4.4.3.tgz 0ms (cache hit)
1572 http cache https-proxy-agent@https://registry.npmjs.org/https-proxy-agent/-/https-proxy-agent-5.0.1.tgz 0ms (cache hit)
1573 http cache agent-base@https://registry.npmjs.org/agent-base/-/agent-base-6.0.2.tgz 0ms (cache hit)
1574 http cache google-logging-utils@https://registry.npmjs.org/google-logging-utils/-/google-logging-utils-0.0.2.tgz 0ms (cache hit)
1575 http cache gcp-metadata@https://registry.npmjs.org/gcp-metadata/-/gcp-metadata-6.1.1.tgz 0ms (cache hit)
1576 http cache google-auth-library@https://registry.npmjs.org/google-auth-library/-/google-auth-library-9.15.1.tgz 0ms (cache hit)
1577 http cache ms@https://registry.npmjs.org/ms/-/ms-2.1.3.tgz 0ms (cache hit)
1578 http cache ms@https://registry.npmjs.org/ms/-/ms-2.1.3.tgz 0ms (cache hit)
1579 http cache debug@https://registry.npmjs.org/debug/-/debug-4.4.3.tgz 0ms (cache hit)
1580 http cache node-fetch@https://registry.npmjs.org/node-fetch/-/node-fetch-3.3.2.tgz 0ms (cache hit)
1581 http cache gaxios@https://registry.npmjs.org/gaxios/-/gaxios-7.2.0.tgz 0ms (cache hit)
1582 http cache google-logging-utils@https://registry.npmjs.org/google-logging-utils/-/google-logging-utils-0.0.2.tgz 0ms (cache hit)
1583 http cache google-auth-library@https://registry.npmjs.org/google-auth-library/-/google-auth-library-9.15.1.tgz 0ms (cache hit)
1584 http cache gcp-metadata@https://registry.npmjs.org/gcp-metadata/-/gcp-metadata-6.1.1.tgz 0ms (cache hit)
1585 silly tarball no local data for node-domexception@https://registry.npmjs.org/node-domexception/-/node-domexception-1.0.0.tgz. Extracting by manifest.
1586 silly tarball no local data for web-streams-polyfill@https://registry.npmjs.org/web-streams-polyfill/-/web-streams-polyfill-3.3.3.tgz. Extracting by manifest.
1587 silly tarball no local data for formdata-polyfill@https://registry.npmjs.org/formdata-polyfill/-/formdata-polyfill-4.0.10.tgz. Extracting by manifest.
1588 silly tarball no local data for data-uri-to-buffer@https://registry.npmjs.org/data-uri-to-buffer/-/data-uri-to-buffer-4.0.1.tgz. Extracting by manifest.
1589 silly tarball no local data for fetch-blob@https://registry.npmjs.org/fetch-blob/-/fetch-blob-3.2.0.tgz. Extracting by manifest.
1590 silly tarball no local data for @types/mime@https://registry.npmjs.org/@types/mime/-/mime-1.3.5.tgz. Extracting by manifest.
1591 silly tarball no local data for gtoken@https://registry.npmjs.org/gtoken/-/gtoken-7.1.0.tgz. Extracting by manifest.
1592 silly tarball no local data for color-convert@https://registry.npmjs.org/color-convert/-/color-convert-2.0.1.tgz. Extracting by manifest.
1593 silly tarball no local data for color-name@https://registry.npmjs.org/color-name/-/color-name-1.1.4.tgz. Extracting by manifest.
1594 silly tarball no local data for ansi-styles@https://registry.npmjs.org/ansi-styles/-/ansi-styles-4.3.0.tgz. Extracting by manifest.
1595 silly tarball no local data for ansi-regex@https://registry.npmjs.org/ansi-regex/-/ansi-regex-5.0.1.tgz. Extracting by manifest.
1596 silly tarball no local data for is-fullwidth-code-point@https://registry.npmjs.org/is-fullwidth-code-point/-/is-fullwidth-code-point-3.0.0.tgz. Extracting by manifest.
1597 silly tarball no local data for emoji-regex@https://registry.npmjs.org/emoji-regex/-/emoji-regex-8.0.0.tgz. Extracting by manifest.
1598 silly tarball no local data for wrap-ansi@https://registry.npmjs.org/wrap-ansi/-/wrap-ansi-7.0.0.tgz. Extracting by manifest.
1599 silly tarball no local data for strip-ansi@https://registry.npmjs.org/strip-ansi/-/strip-ansi-6.0.1.tgz. Extracting by manifest.
1600 silly tarball no local data for yargs-parser@https://registry.npmjs.org/yargs-parser/-/yargs-parser-21.1.1.tgz. Extracting by manifest.
1601 silly tarball no local data for y18n@https://registry.npmjs.org/y18n/-/y18n-5.0.8.tgz. Extracting by manifest.
1602 silly tarball no local data for string-width@https://registry.npmjs.org/string-width/-/string-width-4.2.3.tgz. Extracting by manifest.
1603 silly tarball no local data for require-directory@https://registry.npmjs.org/require-directory/-/require-directory-2.1.1.tgz. Extracting by manifest.
1604 silly tarball no local data for get-caller-file@https://registry.npmjs.org/get-caller-file/-/get-caller-file-2.0.5.tgz. Extracting by manifest.
1605 silly tarball no local data for cliui@https://registry.npmjs.org/cliui/-/cliui-8.0.1.tgz. Extracting by manifest.
1606 silly tarball no local data for escalade@https://registry.npmjs.org/escalade/-/escalade-3.2.0.tgz. Extracting by manifest.
1607 silly tarball no local data for webidl-conversions@https://registry.npmjs.org/webidl-conversions/-/webidl-conversions-3.0.1.tgz. Extracting by manifest.
1608 silly tarball no local data for tr46@https://registry.npmjs.org/tr46/-/tr46-0.0.3.tgz. Extracting by manifest.
1609 silly tarball no local data for websocket-extensions@https://registry.npmjs.org/websocket-extensions/-/websocket-extensions-0.1.4.tgz. Extracting by manifest.
1610 silly tarball no local data for http-parser-js@https://registry.npmjs.org/http-parser-js/-/http-parser-js-0.5.10.tgz. Extracting by manifest.
1611 silly tarball no local data for media-typer@https://registry.npmjs.org/media-typer/-/media-typer-0.3.0.tgz. Extracting by manifest.
1612 silly tarball no local data for stubs@https://registry.npmjs.org/stubs/-/stubs-3.0.0.tgz. Extracting by manifest.
1613 silly tarball no local data for @tootallnate/once@https://registry.npmjs.org/@tootallnate/once/-/once-2.0.1.tgz. Extracting by manifest.
1614 silly tarball no local data for stream-events@https://registry.npmjs.org/stream-events/-/stream-events-1.0.5.tgz. Extracting by manifest.
1615 silly tarball no local data for http-proxy-agent@https://registry.npmjs.org/http-proxy-agent/-/http-proxy-agent-5.0.0.tgz. Extracting by manifest.
1616 silly tarball no local data for anynum@https://registry.npmjs.org/anynum/-/anynum-1.0.1.tgz. Extracting by manifest.
1617 silly tarball no local data for call-bound@https://registry.npmjs.org/call-bound/-/call-bound-1.0.4.tgz. Extracting by manifest.
1618 silly tarball no local data for side-channel-weakmap@https://registry.npmjs.org/side-channel-weakmap/-/side-channel-weakmap-1.0.2.tgz. Extracting by manifest.
1619 silly tarball no local data for side-channel-map@https://registry.npmjs.org/side-channel-map/-/side-channel-map-1.0.1.tgz. Extracting by manifest.
1620 silly tarball no local data for side-channel-list@https://registry.npmjs.org/side-channel-list/-/side-channel-list-1.0.1.tgz. Extracting by manifest.
1621 silly tarball no local data for object-inspect@https://registry.npmjs.org/object-inspect/-/object-inspect-1.13.4.tgz. Extracting by manifest.
1622 silly tarball no local data for dunder-proto@https://registry.npmjs.org/dunder-proto/-/dunder-proto-1.0.1.tgz. Extracting by manifest.
1623 silly tarball no local data for math-intrinsics@https://registry.npmjs.org/math-intrinsics/-/math-intrinsics-1.1.0.tgz. Extracting by manifest.
1624 silly tarball no local data for gopd@https://registry.npmjs.org/gopd/-/gopd-1.2.0.tgz. Extracting by manifest.
1625 silly tarball no local data for has-symbols@https://registry.npmjs.org/has-symbols/-/has-symbols-1.1.0.tgz. Extracting by manifest.
1626 silly tarball no local data for get-proto@https://registry.npmjs.org/get-proto/-/get-proto-1.0.1.tgz. Extracting by manifest.
1627 silly tarball no local data for function-bind@https://registry.npmjs.org/function-bind/-/function-bind-1.1.2.tgz. Extracting by manifest.
1628 silly tarball no local data for es-object-atoms@https://registry.npmjs.org/es-object-atoms/-/es-object-atoms-1.1.2.tgz. Extracting by manifest.
1629 silly tarball no local data for call-bind-apply-helpers@https://registry.npmjs.org/call-bind-apply-helpers/-/call-bind-apply-helpers-1.0.2.tgz. Extracting by manifest.
1630 silly tarball no local data for has-tostringtag@https://registry.npmjs.org/has-tostringtag/-/has-tostringtag-1.0.2.tgz. Extracting by manifest.
1631 silly tarball no local data for get-intrinsic@https://registry.npmjs.org/get-intrinsic/-/get-intrinsic-1.3.0.tgz. Extracting by manifest.
1632 silly tarball no local data for es-errors@https://registry.npmjs.org/es-errors/-/es-errors-1.3.0.tgz. Extracting by manifest.
1633 silly tarball no local data for delayed-stream@https://registry.npmjs.org/delayed-stream/-/delayed-stream-1.0.0.tgz. Extracting by manifest.
1634 silly tarball no local data for hasown@https://registry.npmjs.org/hasown/-/hasown-2.0.4.tgz. Extracting by manifest.
1635 silly tarball no local data for combined-stream@https://registry.npmjs.org/combined-stream/-/combined-stream-1.0.8.tgz. Extracting by manifest.
1636 silly tarball no local data for es-set-tostringtag@https://registry.npmjs.org/es-set-tostringtag/-/es-set-tostringtag-2.1.0.tgz. Extracting by manifest.
1637 silly tarball no local data for asynckit@https://registry.npmjs.org/asynckit/-/asynckit-0.4.0.tgz. Extracting by manifest.
1638 silly tarball no local data for @types/tough-cookie@https://registry.npmjs.org/@types/tough-cookie/-/tough-cookie-4.0.5.tgz. Extracting by manifest.
1639 silly tarball no local data for form-data@https://registry.npmjs.org/form-data/-/form-data-2.5.6.tgz. Extracting by manifest.
1640 silly tarball no local data for @types/caseless@https://registry.npmjs.org/@types/caseless/-/caseless-0.12.5.tgz. Extracting by manifest.
1641 silly tarball no local data for util-deprecate@https://registry.npmjs.org/util-deprecate/-/util-deprecate-1.0.2.tgz. Extracting by manifest.
1642 silly tarball no local data for @types/request@https://registry.npmjs.org/@types/request/-/request-2.48.13.tgz. Extracting by manifest.
1643 silly tarball no local data for string_decoder@https://registry.npmjs.org/string_decoder/-/string_decoder-1.3.0.tgz. Extracting by manifest.
1644 silly tarball no local data for side-channel@https://registry.npmjs.org/side-channel/-/side-channel-1.1.1.tgz. Extracting by manifest.
1645 silly tarball no local data for es-define-property@https://registry.npmjs.org/es-define-property/-/es-define-property-1.0.1.tgz. Extracting by manifest.
1646 silly tarball no local data for ipaddr.js@https://registry.npmjs.org/ipaddr.js/-/ipaddr.js-1.9.1.tgz. Extracting by manifest.
1647 silly tarball no local data for forwarded@https://registry.npmjs.org/forwarded/-/forwarded-0.2.0.tgz. Extracting by manifest.
1648 silly tarball no local data for @protobufjs/pool@https://registry.npmjs.org/@protobufjs/pool/-/pool-1.1.0.tgz. Extracting by manifest.
1649 silly tarball no local data for @protobufjs/float@https://registry.npmjs.org/@protobufjs/float/-/float-1.0.2.tgz. Extracting by manifest.
1650 silly tarball no local data for @protobufjs/fetch@https://registry.npmjs.org/@protobufjs/fetch/-/fetch-1.1.1.tgz. Extracting by manifest.
1651 silly tarball no local data for @protobufjs/utf8@https://registry.npmjs.org/@protobufjs/utf8/-/utf8-1.1.2.tgz. Extracting by manifest.
1652 silly tarball no local data for @protobufjs/path@https://registry.npmjs.org/@protobufjs/path/-/path-1.1.2.tgz. Extracting by manifest.
1653 silly tarball no local data for @protobufjs/codegen@https://registry.npmjs.org/@protobufjs/codegen/-/codegen-2.0.5.tgz. Extracting by manifest.
1654 silly tarball no local data for @protobufjs/eventemitter@https://registry.npmjs.org/@protobufjs/eventemitter/-/eventemitter-1.1.1.tgz. Extracting by manifest.
1655 silly tarball no local data for @protobufjs/base64@https://registry.npmjs.org/@protobufjs/base64/-/base64-1.1.2.tgz. Extracting by manifest.
1656 silly tarball no local data for @protobufjs/aspromise@https://registry.npmjs.org/@protobufjs/aspromise/-/aspromise-1.1.2.tgz. Extracting by manifest.
1657 silly tarball no local data for yocto-queue@https://registry.npmjs.org/yocto-queue/-/yocto-queue-0.1.0.tgz. Extracting by manifest.
1658 silly tarball no local data for wrappy@https://registry.npmjs.org/wrappy/-/wrappy-1.0.2.tgz. Extracting by manifest.
1659 silly tarball no local data for ee-first@https://registry.npmjs.org/ee-first/-/ee-first-1.1.1.tgz. Extracting by manifest.
1660 silly tarball no local data for whatwg-url@https://registry.npmjs.org/whatwg-url/-/whatwg-url-5.0.0.tgz. Extracting by manifest.
1661 silly tarball no local data for mime-db@https://registry.npmjs.org/mime-db/-/mime-db-1.52.0.tgz. Extracting by manifest.
1662 silly tarball no local data for yallist@https://registry.npmjs.org/yallist/-/yallist-4.0.0.tgz. Extracting by manifest.
1663 silly tarball no local data for lodash.clonedeep@https://registry.npmjs.org/lodash.clonedeep/-/lodash.clonedeep-4.5.0.tgz. Extracting by manifest.
1664 silly tarball no local data for lru-cache@https://registry.npmjs.org/lru-cache/-/lru-cache-6.0.0.tgz. Extracting by manifest.
1665 silly tarball no local data for jwa@https://registry.npmjs.org/jwa/-/jwa-2.0.1.tgz. Extracting by manifest.
1666 silly tarball no local data for buffer-equal-constant-time@https://registry.npmjs.org/buffer-equal-constant-time/-/buffer-equal-constant-time-1.0.1.tgz. Extracting by manifest.
1667 silly tarball no local data for lru-memoizer@https://registry.npmjs.org/lru-memoizer/-/lru-memoizer-2.3.0.tgz. Extracting by manifest.
1668 silly tarball no local data for @types/ms@https://registry.npmjs.org/@types/ms/-/ms-2.1.0.tgz. Extracting by manifest.
1669 silly tarball no local data for limiter@https://registry.npmjs.org/limiter/-/limiter-1.1.5.tgz. Extracting by manifest.
1670 silly tarball no local data for jose@https://registry.npmjs.org/jose/-/jose-4.15.9.tgz. Extracting by manifest.
1671 silly tarball no local data for @types/jsonwebtoken@https://registry.npmjs.org/@types/jsonwebtoken/-/jsonwebtoken-9.0.10.tgz. Extracting by manifest.
1672 silly tarball no local data for semver@https://registry.npmjs.org/semver/-/semver-7.8.5.tgz. Extracting by manifest.
1673 silly tarball no local data for lodash.once@https://registry.npmjs.org/lodash.once/-/lodash.once-4.1.1.tgz. Extracting by manifest.
1674 silly tarball no local data for lodash.isstring@https://registry.npmjs.org/lodash.isstring/-/lodash.isstring-4.0.1.tgz. Extracting by manifest.
1675 silly tarball no local data for lodash.isplainobject@https://registry.npmjs.org/lodash.isplainobject/-/lodash.isplainobject-4.0.6.tgz. Extracting by manifest.
1676 silly tarball no local data for lodash.isnumber@https://registry.npmjs.org/lodash.isnumber/-/lodash.isnumber-3.0.3.tgz. Extracting by manifest.
1677 silly tarball no local data for lodash.isinteger@https://registry.npmjs.org/lodash.isinteger/-/lodash.isinteger-4.0.4.tgz. Extracting by manifest.
1678 silly tarball no local data for lodash.isboolean@https://registry.npmjs.org/lodash.isboolean/-/lodash.isboolean-3.0.3.tgz. Extracting by manifest.
1679 silly tarball no local data for lodash.includes@https://registry.npmjs.org/lodash.includes/-/lodash.includes-4.3.0.tgz. Extracting by manifest.
1680 silly tarball no local data for bignumber.js@https://registry.npmjs.org/bignumber.js/-/bignumber.js-9.3.1.tgz. Extracting by manifest.
1681 silly tarball no local data for safer-buffer@https://registry.npmjs.org/safer-buffer/-/safer-buffer-2.1.2.tgz. Extracting by manifest.
1682 silly tarball no local data for agent-base@https://registry.npmjs.org/agent-base/-/agent-base-7.1.4.tgz. Extracting by manifest.
1683 silly tarball no local data for toidentifier@https://registry.npmjs.org/toidentifier/-/toidentifier-1.0.1.tgz. Extracting by manifest.
1684 silly tarball no local data for yargs@https://registry.npmjs.org/yargs/-/yargs-17.7.3.tgz. Extracting by manifest.
1685 silly tarball no local data for long@https://registry.npmjs.org/long/-/long-5.3.2.tgz. Extracting by manifest.
1686 silly tarball no local data for lodash.camelcase@https://registry.npmjs.org/lodash.camelcase/-/lodash.camelcase-4.3.0.tgz. Extracting by manifest.
1687 silly tarball no local data for @js-sdsl/ordered-map@https://registry.npmjs.org/@js-sdsl/ordered-map/-/ordered-map-4.4.2.tgz. Extracting by manifest.
1688 silly tarball no local data for proto3-json-serializer@https://registry.npmjs.org/proto3-json-serializer/-/proto3-json-serializer-2.0.2.tgz. Extracting by manifest.
1689 silly tarball no local data for object-hash@https://registry.npmjs.org/object-hash/-/object-hash-3.0.0.tgz. Extracting by manifest.
1690 silly tarball no local data for @types/long@https://registry.npmjs.org/@types/long/-/long-4.0.2.tgz. Extracting by manifest.
1691 silly tarball no local data for @grpc/proto-loader@https://registry.npmjs.org/@grpc/proto-loader/-/proto-loader-0.7.15.tgz. Extracting by manifest.
1692 silly tarball no local data for @grpc/grpc-js@https://registry.npmjs.org/@grpc/grpc-js/-/grpc-js-1.14.4.tgz. Extracting by manifest.
1693 silly tarball no local data for json-bigint@https://registry.npmjs.org/json-bigint/-/json-bigint-1.0.0.tgz. Extracting by manifest.
1694 silly tarball no local data for jws@https://registry.npmjs.org/jws/-/jws-4.0.1.tgz. Extracting by manifest.
1695 silly tarball no local data for google-logging-utils@https://registry.npmjs.org/google-logging-utils/-/google-logging-utils-1.1.3.tgz. Extracting by manifest.
1696 silly tarball no local data for gcp-metadata@https://registry.npmjs.org/gcp-metadata/-/gcp-metadata-8.1.2.tgz. Extracting by manifest.
1697 silly tarball no local data for ecdsa-sig-formatter@https://registry.npmjs.org/ecdsa-sig-formatter/-/ecdsa-sig-formatter-1.0.11.tgz. Extracting by manifest.
1698 silly tarball no local data for base64-js@https://registry.npmjs.org/base64-js/-/base64-js-1.5.1.tgz. Extracting by manifest.
1699 silly tarball no local data for is-stream@https://registry.npmjs.org/is-stream/-/is-stream-2.0.1.tgz. Extracting by manifest.
1700 silly tarball no local data for https-proxy-agent@https://registry.npmjs.org/https-proxy-agent/-/https-proxy-agent-7.0.6.tgz. Extracting by manifest.
1701 silly tarball no local data for uuid@https://registry.npmjs.org/uuid/-/uuid-9.0.1.tgz. Extracting by manifest.
1702 silly tarball no local data for node-fetch@https://registry.npmjs.org/node-fetch/-/node-fetch-2.7.0.tgz. Extracting by manifest.
1703 silly tarball no local data for ms@https://registry.npmjs.org/ms/-/ms-2.0.0.tgz. Extracting by manifest.
1704 silly tarball no local data for unpipe@https://registry.npmjs.org/unpipe/-/unpipe-1.0.0.tgz. Extracting by manifest.
1705 silly tarball no local data for raw-body@https://registry.npmjs.org/raw-body/-/raw-body-2.5.3.tgz. Extracting by manifest.
1706 silly tarball no local data for iconv-lite@https://registry.npmjs.org/iconv-lite/-/iconv-lite-0.4.24.tgz. Extracting by manifest.
1707 silly tarball no local data for destroy@https://registry.npmjs.org/destroy/-/destroy-1.2.0.tgz. Extracting by manifest.
1708 silly tarball no local data for bytes@https://registry.npmjs.org/bytes/-/bytes-3.1.2.tgz. Extracting by manifest.
1709 silly tarball no local data for negotiator@https://registry.npmjs.org/negotiator/-/negotiator-0.6.3.tgz. Extracting by manifest.
1710 silly tarball no local data for mime-types@https://registry.npmjs.org/mime-types/-/mime-types-2.1.35.tgz. Extracting by manifest.
1711 silly tarball no local data for utils-merge@https://registry.npmjs.org/utils-merge/-/utils-merge-1.0.1.tgz. Extracting by manifest.
1712 silly tarball no local data for type-is@https://registry.npmjs.org/type-is/-/type-is-1.6.18.tgz. Extracting by manifest.
1713 silly tarball no local data for statuses@https://registry.npmjs.org/statuses/-/statuses-2.0.2.tgz. Extracting by manifest.
1714 silly tarball no local data for setprototypeof@https://registry.npmjs.org/setprototypeof/-/setprototypeof-1.2.0.tgz. Extracting by manifest.
1715 silly tarball no local data for serve-static@https://registry.npmjs.org/serve-static/-/serve-static-1.16.3.tgz. Extracting by manifest.
1716 silly tarball no local data for send@https://registry.npmjs.org/send/-/send-0.19.2.tgz. Extracting by manifest.
1717 silly tarball no local data for safe-buffer@https://registry.npmjs.org/safe-buffer/-/safe-buffer-5.2.1.tgz. Extracting by manifest.
1718 silly tarball no local data for range-parser@https://registry.npmjs.org/range-parser/-/range-parser-1.2.1.tgz. Extracting by manifest.
1719 silly tarball no local data for qs@https://registry.npmjs.org/qs/-/qs-6.15.3.tgz. Extracting by manifest.
1720 silly tarball no local data for proxy-addr@https://registry.npmjs.org/proxy-addr/-/proxy-addr-2.0.7.tgz. Extracting by manifest.
1721 silly tarball no local data for path-to-regexp@https://registry.npmjs.org/path-to-regexp/-/path-to-regexp-0.1.13.tgz. Extracting by manifest.
1722 silly tarball no local data for parseurl@https://registry.npmjs.org/parseurl/-/parseurl-1.3.3.tgz. Extracting by manifest.
1723 silly tarball no local data for methods@https://registry.npmjs.org/methods/-/methods-1.1.2.tgz. Extracting by manifest.
1724 silly tarball no local data for on-finished@https://registry.npmjs.org/on-finished/-/on-finished-2.4.1.tgz. Extracting by manifest.
1725 silly tarball no local data for merge-descriptors@https://registry.npmjs.org/merge-descriptors/-/merge-descriptors-1.0.3.tgz. Extracting by manifest.
1726 silly tarball no local data for http-errors@https://registry.npmjs.org/http-errors/-/http-errors-2.0.1.tgz. Extracting by manifest.
1727 silly tarball no local data for fresh@https://registry.npmjs.org/fresh/-/fresh-0.5.2.tgz. Extracting by manifest.
1728 silly tarball no local data for finalhandler@https://registry.npmjs.org/finalhandler/-/finalhandler-1.3.2.tgz. Extracting by manifest.
1729 silly tarball no local data for etag@https://registry.npmjs.org/etag/-/etag-1.8.1.tgz. Extracting by manifest.
1730 silly tarball no local data for escape-html@https://registry.npmjs.org/escape-html/-/escape-html-1.0.3.tgz. Extracting by manifest.
1731 silly tarball no local data for encodeurl@https://registry.npmjs.org/encodeurl/-/encodeurl-2.0.0.tgz. Extracting by manifest.
1732 silly tarball no local data for cookie-signature@https://registry.npmjs.org/cookie-signature/-/cookie-signature-1.0.7.tgz. Extracting by manifest.
1733 silly tarball no local data for cookie@https://registry.npmjs.org/cookie/-/cookie-0.7.2.tgz. Extracting by manifest.
1734 silly tarball no local data for depd@https://registry.npmjs.org/depd/-/depd-2.0.0.tgz. Extracting by manifest.
1735 silly tarball no local data for debug@https://registry.npmjs.org/debug/-/debug-2.6.9.tgz. Extracting by manifest.
1736 silly tarball no local data for content-disposition@https://registry.npmjs.org/content-disposition/-/content-disposition-0.5.4.tgz. Extracting by manifest.
1737 silly tarball no local data for content-type@https://registry.npmjs.org/content-type/-/content-type-1.0.5.tgz. Extracting by manifest.
1738 silly tarball no local data for body-parser@https://registry.npmjs.org/body-parser/-/body-parser-1.20.5.tgz. Extracting by manifest.
1739 silly tarball no local data for accepts@https://registry.npmjs.org/accepts/-/accepts-1.3.8.tgz. Extracting by manifest.
1740 silly tarball no local data for array-flatten@https://registry.npmjs.org/array-flatten/-/array-flatten-1.1.1.tgz. Extracting by manifest.
1741 silly tarball no local data for vary@https://registry.npmjs.org/vary/-/vary-1.1.2.tgz. Extracting by manifest.
1742 silly tarball no local data for object-assign@https://registry.npmjs.org/object-assign/-/object-assign-4.1.1.tgz. Extracting by manifest.
1743 silly tarball no local data for @types/http-errors@https://registry.npmjs.org/@types/http-errors/-/http-errors-2.0.5.tgz. Extracting by manifest.
1744 silly tarball no local data for undici-types@https://registry.npmjs.org/undici-types/-/undici-types-8.3.0.tgz. Extracting by manifest.
1745 silly tarball no local data for @types/send@https://registry.npmjs.org/@types/send/-/send-1.2.1.tgz. Extracting by manifest.
1746 silly tarball no local data for @types/range-parser@https://registry.npmjs.org/@types/range-parser/-/range-parser-1.2.7.tgz. Extracting by manifest.
1747 silly tarball no local data for @types/connect@https://registry.npmjs.org/@types/connect/-/connect-3.4.38.tgz. Extracting by manifest.
1748 silly tarball no local data for @types/serve-static@https://registry.npmjs.org/@types/serve-static/-/serve-static-1.15.10.tgz. Extracting by manifest.
1749 silly tarball no local data for @types/qs@https://registry.npmjs.org/@types/qs/-/qs-6.15.1.tgz. Extracting by manifest.
1750 silly tarball no local data for @types/express-serve-static-core@https://registry.npmjs.org/@types/express-serve-static-core/-/express-serve-static-core-4.19.9.tgz. Extracting by manifest.
1751 silly tarball no local data for @types/body-parser@https://registry.npmjs.org/@types/body-parser/-/body-parser-1.19.6.tgz. Extracting by manifest.
1752 silly tarball no local data for @types/node@https://registry.npmjs.org/@types/node/-/node-26.1.1.tgz. Extracting by manifest.
1753 silly tarball no local data for express@https://registry.npmjs.org/express/-/express-4.22.2.tgz. Extracting by manifest.
1754 silly tarball no local data for cors@https://registry.npmjs.org/cors/-/cors-2.8.6.tgz. Extracting by manifest.
1755 silly tarball no local data for @types/express@https://registry.npmjs.org/@types/express/-/express-4.17.25.tgz. Extracting by manifest.
1756 silly tarball no local data for @types/cors@https://registry.npmjs.org/@types/cors/-/cors-2.8.19.tgz. Extracting by manifest.
1757 silly tarball no local data for websocket-driver@https://registry.npmjs.org/websocket-driver/-/websocket-driver-0.7.5.tgz. Extracting by manifest.
1758 silly tarball no local data for xml-naming@https://registry.npmjs.org/xml-naming/-/xml-naming-0.1.0.tgz. Extracting by manifest.
1759 silly tarball no local data for strnum@https://registry.npmjs.org/strnum/-/strnum-2.4.1.tgz. Extracting by manifest.
1760 silly tarball no local data for path-expression-matcher@https://registry.npmjs.org/path-expression-matcher/-/path-expression-matcher-1.6.2.tgz. Extracting by manifest.
1761 silly tarball no local data for fast-xml-builder@https://registry.npmjs.org/fast-xml-builder/-/fast-xml-builder-1.2.1.tgz. Extracting by manifest.
1762 silly tarball no local data for is-unsafe@https://registry.npmjs.org/is-unsafe/-/is-unsafe-1.0.1.tgz. Extracting by manifest.
1763 silly tarball no local data for once@https://registry.npmjs.org/once/-/once-1.4.0.tgz. Extracting by manifest.
1764 silly tarball no local data for @nodable/entities@https://registry.npmjs.org/@nodable/entities/-/entities-2.2.0.tgz. Extracting by manifest.
1765 silly tarball no local data for readable-stream@https://registry.npmjs.org/readable-stream/-/readable-stream-3.6.2.tgz. Extracting by manifest.
1766 silly tarball no local data for stream-shift@https://registry.npmjs.org/stream-shift/-/stream-shift-1.0.3.tgz. Extracting by manifest.
1767 silly tarball no local data for inherits@https://registry.npmjs.org/inherits/-/inherits-2.0.4.tgz. Extracting by manifest.
1768 silly tarball no local data for end-of-stream@https://registry.npmjs.org/end-of-stream/-/end-of-stream-1.4.5.tgz. Extracting by manifest.
1769 silly tarball no local data for retry@https://registry.npmjs.org/retry/-/retry-0.13.1.tgz. Extracting by manifest.
1770 silly tarball no local data for event-target-shim@https://registry.npmjs.org/event-target-shim/-/event-target-shim-5.0.1.tgz. Extracting by manifest.
1771 silly tarball no local data for extend@https://registry.npmjs.org/extend/-/extend-3.0.2.tgz. Extracting by manifest.
1772 silly tarball no local data for arrify@https://registry.npmjs.org/arrify/-/arrify-2.0.1.tgz. Extracting by manifest.
1773 silly tarball no local data for teeny-request@https://registry.npmjs.org/teeny-request/-/teeny-request-9.0.0.tgz. Extracting by manifest.
1774 silly tarball no local data for retry-request@https://registry.npmjs.org/retry-request/-/retry-request-7.0.2.tgz. Extracting by manifest.
1775 silly tarball no local data for p-limit@https://registry.npmjs.org/p-limit/-/p-limit-3.1.0.tgz. Extracting by manifest.
1776 silly tarball no local data for mime@https://registry.npmjs.org/mime/-/mime-3.0.0.tgz. Extracting by manifest.
1777 silly tarball no local data for html-entities@https://registry.npmjs.org/html-entities/-/html-entities-2.6.0.tgz. Extracting by manifest.
1778 silly tarball no local data for gaxios@https://registry.npmjs.org/gaxios/-/gaxios-6.7.1.tgz. Extracting by manifest.
1779 silly tarball no local data for fast-xml-parser@https://registry.npmjs.org/fast-xml-parser/-/fast-xml-parser-5.9.3.tgz. Extracting by manifest.
1780 silly tarball no local data for duplexify@https://registry.npmjs.org/duplexify/-/duplexify-4.1.3.tgz. Extracting by manifest.
1781 silly tarball no local data for async-retry@https://registry.npmjs.org/async-retry/-/async-retry-1.3.3.tgz. Extracting by manifest.
1782 silly tarball no local data for abort-controller@https://registry.npmjs.org/abort-controller/-/abort-controller-3.0.0.tgz. Extracting by manifest.
1783 silly tarball no local data for @google-cloud/promisify@https://registry.npmjs.org/@google-cloud/promisify/-/promisify-4.0.0.tgz. Extracting by manifest.
1784 silly tarball no local data for @google-cloud/projectify@https://registry.npmjs.org/@google-cloud/projectify/-/projectify-4.0.0.tgz. Extracting by manifest.
1785 silly tarball no local data for @google-cloud/paginator@https://registry.npmjs.org/@google-cloud/paginator/-/paginator-5.0.2.tgz. Extracting by manifest.
1786 silly tarball no local data for protobufjs@https://registry.npmjs.org/protobufjs/-/protobufjs-7.6.5.tgz. Extracting by manifest.
1787 silly tarball no local data for google-gax@https://registry.npmjs.org/google-gax/-/google-gax-4.6.1.tgz. Extracting by manifest.
1788 silly tarball no local data for functional-red-black-tree@https://registry.npmjs.org/functional-red-black-tree/-/functional-red-black-tree-1.0.1.tgz. Extracting by manifest.
1789 silly tarball no local data for @opentelemetry/api@https://registry.npmjs.org/@opentelemetry/api/-/api-1.9.1.tgz. Extracting by manifest.
1790 silly tarball no local data for @firebase/app-types@https://registry.npmjs.org/@firebase/app-types/-/app-types-0.9.5.tgz. Extracting by manifest.
1791 silly tarball no local data for faye-websocket@https://registry.npmjs.org/faye-websocket/-/faye-websocket-0.11.4.tgz. Extracting by manifest.
1792 silly tarball no local data for @firebase/app-check-interop-types@https://registry.npmjs.org/@firebase/app-check-interop-types/-/app-check-interop-types-0.3.4.tgz. Extracting by manifest.
1793 silly tarball no local data for @firebase/auth-interop-types@https://registry.npmjs.org/@firebase/auth-interop-types/-/auth-interop-types-0.2.5.tgz. Extracting by manifest.
1794 silly tarball no local data for tslib@https://registry.npmjs.org/tslib/-/tslib-2.8.1.tgz. Extracting by manifest.
1795 silly tarball no local data for @firebase/util@https://registry.npmjs.org/@firebase/util/-/util-1.15.1.tgz. Extracting by manifest.
1796 silly tarball no local data for jwks-rsa@https://registry.npmjs.org/jwks-rsa/-/jwks-rsa-3.2.2.tgz. Extracting by manifest.
1797 silly tarball no local data for @firebase/database@https://registry.npmjs.org/@firebase/database/-/database-1.1.3.tgz. Extracting by manifest.
1798 silly tarball no local data for @firebase/component@https://registry.npmjs.org/@firebase/component/-/component-0.7.3.tgz. Extracting by manifest.
1799 silly tarball no local data for jsonwebtoken@https://registry.npmjs.org/jsonwebtoken/-/jsonwebtoken-9.0.3.tgz. Extracting by manifest.
1800 silly tarball no local data for @firebase/logger@https://registry.npmjs.org/@firebase/logger/-/logger-0.5.1.tgz. Extracting by manifest.
1801 silly tarball no local data for google-auth-library@https://registry.npmjs.org/google-auth-library/-/google-auth-library-10.9.0.tgz. Extracting by manifest.
1802 silly tarball no local data for fast-deep-equal@https://registry.npmjs.org/fast-deep-equal/-/fast-deep-equal-3.1.3.tgz. Extracting by manifest.
1803 silly tarball no local data for farmhash-modern@https://registry.npmjs.org/farmhash-modern/-/farmhash-modern-1.1.0.tgz. Extracting by manifest.
1804 silly tarball no local data for @google-cloud/storage@https://registry.npmjs.org/@google-cloud/storage/-/storage-7.21.0.tgz. Extracting by manifest.
1805 silly tarball no local data for @google-cloud/firestore@https://registry.npmjs.org/@google-cloud/firestore/-/firestore-7.11.6.tgz. Extracting by manifest.
1806 silly tarball no local data for @firebase/database-compat@https://registry.npmjs.org/@firebase/database-compat/-/database-compat-2.1.4.tgz. Extracting by manifest.
1807 silly tarball no local data for @firebase/database-types@https://registry.npmjs.org/@firebase/database-types/-/database-types-1.0.20.tgz. Extracting by manifest.
1808 silly tarball no local data for @fastify/busboy@https://registry.npmjs.org/@fastify/busboy/-/busboy-3.2.0.tgz. Extracting by manifest.
1809 silly tarball no local data for typescript@https://registry.npmjs.org/typescript/-/typescript-5.9.3.tgz. Extracting by manifest.
1810 silly tarball no local data for firebase-functions@https://registry.npmjs.org/firebase-functions/-/firebase-functions-6.6.0.tgz. Extracting by manifest.
1811 silly tarball no local data for firebase-admin@https://registry.npmjs.org/firebase-admin/-/firebase-admin-13.10.0.tgz. Extracting by manifest.
1812 silly tarball no local data for debug@https://registry.npmjs.org/debug/-/debug-4.4.3.tgz. Extracting by manifest.
1813 silly tarball no local data for agent-base@https://registry.npmjs.org/agent-base/-/agent-base-6.0.2.tgz. Extracting by manifest.
1814 silly tarball no local data for ms@https://registry.npmjs.org/ms/-/ms-2.1.3.tgz. Extracting by manifest.
1815 silly tarball no local data for @grpc/proto-loader@https://registry.npmjs.org/@grpc/proto-loader/-/proto-loader-0.8.1.tgz. Extracting by manifest.
1816 silly tarball no local data for gaxios@https://registry.npmjs.org/gaxios/-/gaxios-7.2.0.tgz. Extracting by manifest.
1817 silly tarball no local data for node-fetch@https://registry.npmjs.org/node-fetch/-/node-fetch-3.3.2.tgz. Extracting by manifest.
1818 silly tarball no local data for debug@https://registry.npmjs.org/debug/-/debug-4.4.3.tgz. Extracting by manifest.
1819 silly tarball no local data for ms@https://registry.npmjs.org/ms/-/ms-2.1.3.tgz. Extracting by manifest.
1820 silly tarball no local data for mime@https://registry.npmjs.org/mime/-/mime-1.6.0.tgz. Extracting by manifest.
1821 silly tarball no local data for ms@https://registry.npmjs.org/ms/-/ms-2.1.3.tgz. Extracting by manifest.
1822 silly tarball no local data for @types/send@https://registry.npmjs.org/@types/send/-/send-0.17.6.tgz. Extracting by manifest.
1823 silly tarball no local data for ms@https://registry.npmjs.org/ms/-/ms-2.1.3.tgz. Extracting by manifest.
1824 silly tarball no local data for debug@https://registry.npmjs.org/debug/-/debug-4.4.3.tgz. Extracting by manifest.
1825 silly tarball no local data for https-proxy-agent@https://registry.npmjs.org/https-proxy-agent/-/https-proxy-agent-5.0.1.tgz. Extracting by manifest.
1826 silly tarball no local data for agent-base@https://registry.npmjs.org/agent-base/-/agent-base-6.0.2.tgz. Extracting by manifest.
1827 silly tarball no local data for google-logging-utils@https://registry.npmjs.org/google-logging-utils/-/google-logging-utils-0.0.2.tgz. Extracting by manifest.
1828 silly tarball no local data for gcp-metadata@https://registry.npmjs.org/gcp-metadata/-/gcp-metadata-6.1.1.tgz. Extracting by manifest.
1829 silly tarball no local data for google-auth-library@https://registry.npmjs.org/google-auth-library/-/google-auth-library-9.15.1.tgz. Extracting by manifest.
1830 silly tarball no local data for ms@https://registry.npmjs.org/ms/-/ms-2.1.3.tgz. Extracting by manifest.
1831 silly tarball no local data for ms@https://registry.npmjs.org/ms/-/ms-2.1.3.tgz. Extracting by manifest.
1832 silly tarball no local data for debug@https://registry.npmjs.org/debug/-/debug-4.4.3.tgz. Extracting by manifest.
1833 silly tarball no local data for node-fetch@https://registry.npmjs.org/node-fetch/-/node-fetch-3.3.2.tgz. Extracting by manifest.
1834 silly tarball no local data for gaxios@https://registry.npmjs.org/gaxios/-/gaxios-7.2.0.tgz. Extracting by manifest.
1835 silly tarball no local data for google-logging-utils@https://registry.npmjs.org/google-logging-utils/-/google-logging-utils-0.0.2.tgz. Extracting by manifest.
1836 silly tarball no local data for google-auth-library@https://registry.npmjs.org/google-auth-library/-/google-auth-library-9.15.1.tgz. Extracting by manifest.
1837 silly tarball no local data for gcp-metadata@https://registry.npmjs.org/gcp-metadata/-/gcp-metadata-6.1.1.tgz. Extracting by manifest.
1838 http fetch POST 200 https://registry.npmjs.org/-/npm/v1/security/advisories/bulk 642ms
1839 silly audit report {
1839 silly audit report   uuid: [
1839 silly audit report     {
1839 silly audit report       id: 1119441,
1839 silly audit report       url: 'https://github.com/advisories/GHSA-w5hq-g745-h8pq',
1839 silly audit report       title: 'uuid: Missing buffer bounds check in v3/v5/v6 when buf is provided',
1839 silly audit report       severity: 'moderate',
1839 silly audit report       vulnerable_versions: '<11.1.1',
1839 silly audit report       cwe: [Array],
1839 silly audit report       cvss: [Object]
1839 silly audit report     }
1839 silly audit report   ]
1839 silly audit report }
1840 silly packumentCache corgi:https://registry.npmjs.org/uuid cache-miss
1841 http fetch GET 200 https://registry.npmjs.org/node-domexception/-/node-domexception-1.0.0.tgz 508ms (cache miss)
1842 http fetch GET 200 https://registry.npmjs.org/strip-ansi/-/strip-ansi-6.0.1.tgz 615ms (cache miss)
1843 http fetch GET 200 https://registry.npmjs.org/y18n/-/y18n-5.0.8.tgz 1070ms (cache miss)
1844 http fetch GET 200 https://registry.npmjs.org/@types/mime/-/mime-1.3.5.tgz 1600ms (cache miss)
1845 http fetch GET 200 https://registry.npmjs.org/string-width/-/string-width-4.2.3.tgz 2036ms (cache miss)
1846 http fetch GET 200 https://registry.npmjs.org/require-directory/-/require-directory-2.1.1.tgz 2645ms (cache miss)
1847 http fetch GET 200 https://registry.npmjs.org/ansi-regex/-/ansi-regex-5.0.1.tgz 2651ms (cache miss)
1848 http fetch GET 200 https://registry.npmjs.org/color-name/-/color-name-1.1.4.tgz 2653ms (cache miss)
1849 http fetch GET 200 https://registry.npmjs.org/data-uri-to-buffer/-/data-uri-to-buffer-4.0.1.tgz 2658ms (cache miss)
1850 http fetch GET 200 https://registry.npmjs.org/get-caller-file/-/get-caller-file-2.0.5.tgz 2650ms (cache miss)
1851 http fetch GET 200 https://registry.npmjs.org/side-channel-list/-/side-channel-list-1.0.1.tgz 2893ms (cache miss)
1852 http fetch GET 200 https://registry.npmjs.org/is-fullwidth-code-point/-/is-fullwidth-code-point-3.0.0.tgz 3079ms (cache miss)
1853 http fetch GET 200 https://registry.npmjs.org/escalade/-/escalade-3.2.0.tgz 3079ms (cache miss)
1854 http fetch GET 200 https://registry.npmjs.org/webidl-conversions/-/webidl-conversions-3.0.1.tgz 3080ms (cache miss)
1855 http fetch GET 200 https://registry.npmjs.org/side-channel-weakmap/-/side-channel-weakmap-1.0.2.tgz 3052ms (cache miss)
1856 http fetch GET 200 https://registry.npmjs.org/wrap-ansi/-/wrap-ansi-7.0.0.tgz 3291ms (cache miss)
1857 http fetch GET 200 https://registry.npmjs.org/stubs/-/stubs-3.0.0.tgz 3266ms (cache miss)
1858 http fetch GET 200 https://registry.npmjs.org/stream-events/-/stream-events-1.0.5.tgz 3261ms (cache miss)
1859 http fetch GET 200 https://registry.npmjs.org/ansi-styles/-/ansi-styles-4.3.0.tgz 3540ms (cache miss)
1860 http fetch GET 200 https://registry.npmjs.org/delayed-stream/-/delayed-stream-1.0.0.tgz 3500ms (cache miss)
1861 http fetch GET 200 https://registry.npmjs.org/media-typer/-/media-typer-0.3.0.tgz 3727ms (cache miss)
1862 http fetch GET 200 https://registry.npmjs.org/get-proto/-/get-proto-1.0.1.tgz 3717ms (cache miss)
1863 http fetch GET 200 https://registry.npmjs.org/string_decoder/-/string_decoder-1.3.0.tgz 3697ms (cache miss)
1864 http fetch GET 200 https://registry.npmjs.org/color-convert/-/color-convert-2.0.1.tgz 3934ms (cache miss)
1865 http fetch GET 200 https://registry.npmjs.org/emoji-regex/-/emoji-regex-8.0.0.tgz 3932ms (cache miss)
1866 http fetch GET 200 https://registry.npmjs.org/gopd/-/gopd-1.2.0.tgz 3885ms (cache miss)
1867 http fetch GET 200 https://registry.npmjs.org/combined-stream/-/combined-stream-1.0.8.tgz 3875ms (cache miss)
1868 http fetch GET 200 https://registry.npmjs.org/forwarded/-/forwarded-0.2.0.tgz 3879ms (cache miss)
1869 http fetch GET 200 https://registry.npmjs.org/http-parser-js/-/http-parser-js-0.5.10.tgz 4114ms (cache miss)
1870 http fetch GET 200 https://registry.npmjs.org/util-deprecate/-/util-deprecate-1.0.2.tgz 4086ms (cache miss)
1871 http fetch GET 200 https://registry.npmjs.org/formdata-polyfill/-/formdata-polyfill-4.0.10.tgz 4305ms (cache miss)
1872 http fetch GET 200 https://registry.npmjs.org/dunder-proto/-/dunder-proto-1.0.1.tgz 4259ms (cache miss)
1873 http fetch GET 200 https://registry.npmjs.org/@types/caseless/-/caseless-0.12.5.tgz 4243ms (cache miss)
1874 http fetch GET 200 https://registry.npmjs.org/@protobufjs/eventemitter/-/eventemitter-1.1.1.tgz 4220ms (cache miss)
1875 http fetch GET 200 https://registry.npmjs.org/whatwg-url/-/whatwg-url-5.0.0.tgz 4217ms (cache miss)
1876 http fetch GET 200 https://registry.npmjs.org/hasown/-/hasown-2.0.4.tgz 4368ms (cache miss)
1877 http fetch GET 200 https://registry.npmjs.org/@types/request/-/request-2.48.13.tgz 4364ms (cache miss)
1878 http fetch GET 200 https://registry.npmjs.org/@types/tough-cookie/-/tough-cookie-4.0.5.tgz 4366ms (cache miss)
1879 http fetch GET 200 https://registry.npmjs.org/@protobufjs/fetch/-/fetch-1.1.1.tgz 4352ms (cache miss)
1880 http fetch GET 200 https://registry.npmjs.org/fetch-blob/-/fetch-blob-3.2.0.tgz 4537ms (cache miss)
1881 http fetch GET 200 https://registry.npmjs.org/yocto-queue/-/yocto-queue-0.1.0.tgz 4448ms (cache miss)
1882 http fetch GET 200 https://registry.npmjs.org/@protobufjs/aspromise/-/aspromise-1.1.2.tgz 4451ms (cache miss)
1883 http fetch GET 200 https://registry.npmjs.org/@types/ms/-/ms-2.1.0.tgz 4459ms (cache miss)
1884 http fetch GET 200 https://registry.npmjs.org/http-proxy-agent/-/http-proxy-agent-5.0.0.tgz 4595ms (cache miss)
1885 http fetch GET 200 https://registry.npmjs.org/side-channel-map/-/side-channel-map-1.0.1.tgz 4593ms (cache miss)
1886 http fetch GET 200 https://registry.npmjs.org/es-define-property/-/es-define-property-1.0.1.tgz 4555ms (cache miss)
1887 http fetch GET 200 https://registry.npmjs.org/@protobufjs/pool/-/pool-1.1.0.tgz 4553ms (cache miss)
1888 http fetch GET 200 https://registry.npmjs.org/lodash.isplainobject/-/lodash.isplainobject-4.0.6.tgz 4535ms (cache miss)
1889 http fetch GET 200 https://registry.npmjs.org/wrappy/-/wrappy-1.0.2.tgz 4548ms (cache miss)
1890 http fetch GET 200 https://registry.npmjs.org/lodash.isinteger/-/lodash.isinteger-4.0.4.tgz 4533ms (cache miss)
1891 http fetch GET 200 https://registry.npmjs.org/anynum/-/anynum-1.0.1.tgz 4696ms (cache miss)
1892 http fetch GET 200 https://registry.npmjs.org/@protobufjs/float/-/float-1.0.2.tgz 4646ms (cache miss)
1893 http fetch GET 200 https://registry.npmjs.org/@protobufjs/path/-/path-1.1.2.tgz 4637ms (cache miss)
1894 http fetch GET 200 https://registry.npmjs.org/lru-cache/-/lru-cache-6.0.0.tgz 4629ms (cache miss)
1895 http fetch GET 200 https://registry.npmjs.org/@protobufjs/base64/-/base64-1.1.2.tgz 4638ms (cache miss)
1896 http fetch GET 200 https://registry.npmjs.org/yallist/-/yallist-4.0.0.tgz 4634ms (cache miss)
1897 http fetch GET 200 https://registry.npmjs.org/ee-first/-/ee-first-1.1.1.tgz 4636ms (cache miss)
1898 http fetch GET 200 https://registry.npmjs.org/buffer-equal-constant-time/-/buffer-equal-constant-time-1.0.1.tgz 4631ms (cache miss)
1899 http fetch GET 200 https://registry.npmjs.org/lodash.isstring/-/lodash.isstring-4.0.1.tgz 4626ms (cache miss)
1900 http fetch GET 200 https://registry.npmjs.org/lodash.isboolean/-/lodash.isboolean-3.0.3.tgz 4620ms (cache miss)
1901 http fetch GET 200 https://registry.npmjs.org/agent-base/-/agent-base-7.1.4.tgz 4617ms (cache miss)
1902 http fetch GET 200 https://registry.npmjs.org/@protobufjs/codegen/-/codegen-2.0.5.tgz 4665ms (cache miss)
1903 http fetch GET 200 https://registry.npmjs.org/lodash.clonedeep/-/lodash.clonedeep-4.5.0.tgz 4662ms (cache miss)
1904 http fetch GET 200 https://registry.npmjs.org/jwa/-/jwa-2.0.1.tgz 4665ms (cache miss)
1905 http fetch GET 200 https://registry.npmjs.org/@types/jsonwebtoken/-/jsonwebtoken-9.0.10.tgz 4661ms (cache miss)
1906 http fetch GET 200 https://registry.npmjs.org/call-bound/-/call-bound-1.0.4.tgz 4752ms (cache miss)
1907 http fetch GET 200 https://registry.npmjs.org/toidentifier/-/toidentifier-1.0.1.tgz 4674ms (cache miss)
1908 http fetch GET 200 https://registry.npmjs.org/lodash.isnumber/-/lodash.isnumber-3.0.3.tgz 4710ms (cache miss)
1909 http fetch GET 200 https://registry.npmjs.org/es-set-tostringtag/-/es-set-tostringtag-2.1.0.tgz 4758ms (cache miss)
1910 http fetch GET 200 https://registry.npmjs.org/bytes/-/bytes-3.1.2.tgz 4690ms (cache miss)
1911 http fetch GET 200 https://registry.npmjs.org/safe-buffer/-/safe-buffer-5.2.1.tgz 4677ms (cache miss)
1912 http fetch GET 200 https://registry.npmjs.org/lodash.once/-/lodash.once-4.1.1.tgz 4720ms (cache miss)
1913 http fetch GET 200 https://registry.npmjs.org/gtoken/-/gtoken-7.1.0.tgz 4989ms (cache miss)
1914 http fetch GET 200 https://registry.npmjs.org/call-bind-apply-helpers/-/call-bind-apply-helpers-1.0.2.tgz 4924ms (cache miss)
1915 http fetch GET 200 https://registry.npmjs.org/@protobufjs/utf8/-/utf8-1.1.2.tgz 4900ms (cache miss)
1916 http fetch GET 200 https://registry.npmjs.org/lodash.includes/-/lodash.includes-4.3.0.tgz 4871ms (cache miss)
1917 http fetch GET 200 https://registry.npmjs.org/safer-buffer/-/safer-buffer-2.1.2.tgz 4870ms (cache miss)
1918 http fetch GET 200 https://registry.npmjs.org/jws/-/jws-4.0.1.tgz 4862ms (cache miss)
1919 http fetch GET 200 https://registry.npmjs.org/destroy/-/destroy-1.2.0.tgz 4854ms (cache miss)
1920 http fetch GET 200 https://registry.npmjs.org/is-stream/-/is-stream-2.0.1.tgz 4861ms (cache miss)
1921 http fetch GET 200 https://registry.npmjs.org/utils-merge/-/utils-merge-1.0.1.tgz 4851ms (cache miss)
1922 http fetch GET 200 https://registry.npmjs.org/fresh/-/fresh-0.5.2.tgz 4833ms (cache miss)
1923 http fetch GET 200 https://registry.npmjs.org/send/-/send-0.19.2.tgz 4845ms (cache miss)
1924 http fetch GET 200 https://registry.npmjs.org/cookie-signature/-/cookie-signature-1.0.7.tgz 4833ms (cache miss)
1925 http fetch GET 200 https://registry.npmjs.org/raw-body/-/raw-body-2.5.3.tgz 4863ms (cache miss)
1926 http fetch GET 200 https://registry.npmjs.org/statuses/-/statuses-2.0.2.tgz 4853ms (cache miss)
1927 http fetch GET 200 https://registry.npmjs.org/encodeurl/-/encodeurl-2.0.0.tgz 4838ms (cache miss)
1928 http fetch GET 200 https://registry.npmjs.org/@tootallnate/once/-/once-2.0.1.tgz 5070ms (cache miss)
1929 http fetch GET 200 https://registry.npmjs.org/lodash.camelcase/-/lodash.camelcase-4.3.0.tgz 4974ms (cache miss)
1930 http fetch GET 200 https://registry.npmjs.org/base64-js/-/base64-js-1.5.1.tgz 4968ms (cache miss)
1931 http fetch GET 200 https://registry.npmjs.org/@types/long/-/long-4.0.2.tgz 4980ms (cache miss)
1932 http fetch GET 200 https://registry.npmjs.org/path-to-regexp/-/path-to-regexp-0.1.13.tgz 4949ms (cache miss)
1933 http fetch GET 200 https://registry.npmjs.org/unpipe/-/unpipe-1.0.0.tgz 4973ms (cache miss)
1934 http fetch GET 200 https://registry.npmjs.org/object-assign/-/object-assign-4.1.1.tgz 4944ms (cache miss)
1935 http fetch GET 200 https://registry.npmjs.org/@types/send/-/send-1.2.1.tgz 4940ms (cache miss)
1936 http fetch GET 200 https://registry.npmjs.org/content-disposition/-/content-disposition-0.5.4.tgz 4949ms (cache miss)
1937 http fetch GET 200 https://registry.npmjs.org/ms/-/ms-2.0.0.tgz 4984ms (cache miss)
1938 http fetch GET 200 https://registry.npmjs.org/cliui/-/cliui-8.0.1.tgz 5250ms (cache miss)
1939 http fetch GET 200 https://registry.npmjs.org/es-object-atoms/-/es-object-atoms-1.1.2.tgz 5198ms (cache miss)
1940 http fetch GET 200 https://registry.npmjs.org/yargs-parser/-/yargs-parser-21.1.1.tgz 5255ms (cache miss)
1941 http fetch GET 200 https://registry.npmjs.org/es-errors/-/es-errors-1.3.0.tgz 5191ms (cache miss)
1942 http fetch GET 200 https://registry.npmjs.org/json-bigint/-/json-bigint-1.0.0.tgz 5131ms (cache miss)
1943 http fetch GET 200 https://registry.npmjs.org/mime-types/-/mime-types-2.1.35.tgz 5122ms (cache miss)
1944 http fetch GET 200 https://registry.npmjs.org/range-parser/-/range-parser-1.2.1.tgz 5109ms (cache miss)
1945 http fetch GET 200 https://registry.npmjs.org/setprototypeof/-/setprototypeof-1.2.0.tgz 5114ms (cache miss)
1946 http fetch GET 200 https://registry.npmjs.org/escape-html/-/escape-html-1.0.3.tgz 5100ms (cache miss)
1947 http fetch GET 200 https://registry.npmjs.org/finalhandler/-/finalhandler-1.3.2.tgz 5102ms (cache miss)
1948 http fetch GET 200 https://registry.npmjs.org/type-is/-/type-is-1.6.18.tgz 5121ms (cache miss)
1949 http fetch GET 200 https://registry.npmjs.org/depd/-/depd-2.0.0.tgz 5099ms (cache miss)
1950 http fetch GET 200 https://registry.npmjs.org/etag/-/etag-1.8.1.tgz 5102ms (cache miss)
1951 http fetch GET 200 https://registry.npmjs.org/cookie/-/cookie-0.7.2.tgz 5100ms (cache miss)
1952 http fetch GET 200 https://registry.npmjs.org/http-errors/-/http-errors-2.0.1.tgz 5106ms (cache miss)
1953 http fetch GET 200 https://registry.npmjs.org/@types/body-parser/-/body-parser-1.19.6.tgz 5080ms (cache miss)
1954 http fetch GET 200 https://registry.npmjs.org/@types/cors/-/cors-2.8.19.tgz 5074ms (cache miss)
1955 http fetch GET 200 https://registry.npmjs.org/@types/express/-/express-4.17.25.tgz 5078ms (cache miss)
1956 http fetch GET 200 https://registry.npmjs.org/strnum/-/strnum-2.4.1.tgz 5071ms (cache miss)
1957 http fetch GET 200 https://registry.npmjs.org/on-finished/-/on-finished-2.4.1.tgz 5114ms (cache miss)
1958 http fetch GET 200 https://registry.npmjs.org/function-bind/-/function-bind-1.1.2.tgz 5246ms (cache miss)
1959 http fetch GET 200 https://registry.npmjs.org/ipaddr.js/-/ipaddr.js-1.9.1.tgz 5226ms (cache miss)
1960 http fetch GET 200 https://registry.npmjs.org/object-hash/-/object-hash-3.0.0.tgz 5182ms (cache miss)
1961 http fetch GET 200 https://registry.npmjs.org/ecdsa-sig-formatter/-/ecdsa-sig-formatter-1.0.11.tgz 5178ms (cache miss)
1962 http fetch GET 200 https://registry.npmjs.org/methods/-/methods-1.1.2.tgz 5151ms (cache miss)
1963 http fetch GET 200 https://registry.npmjs.org/merge-descriptors/-/merge-descriptors-1.0.3.tgz 5150ms (cache miss)
1964 http fetch GET 200 https://registry.npmjs.org/accepts/-/accepts-1.3.8.tgz 5143ms (cache miss)
1965 http fetch GET 200 https://registry.npmjs.org/@types/http-errors/-/http-errors-2.0.5.tgz 5140ms (cache miss)
1966 http fetch GET 200 https://registry.npmjs.org/content-type/-/content-type-1.0.5.tgz 5145ms (cache miss)
1967 http fetch GET 200 https://registry.npmjs.org/@types/qs/-/qs-6.15.1.tgz 5132ms (cache miss)
1968 http fetch GET 200 https://registry.npmjs.org/once/-/once-1.4.0.tgz 5107ms (cache miss)
1969 http fetch GET 200 https://registry.npmjs.org/@types/serve-static/-/serve-static-1.15.10.tgz 5133ms (cache miss)
1970 http fetch GET 200 https://registry.npmjs.org/end-of-stream/-/end-of-stream-1.4.5.tgz 5102ms (cache miss)
1971 http fetch GET 200 https://registry.npmjs.org/inherits/-/inherits-2.0.4.tgz 5102ms (cache miss)
1972 http fetch GET 200 https://registry.npmjs.org/stream-shift/-/stream-shift-1.0.3.tgz 5103ms (cache miss)
1973 http fetch GET 200 https://registry.npmjs.org/negotiator/-/negotiator-0.6.3.tgz 5191ms (cache miss)
1974 http fetch GET 200 https://registry.npmjs.org/vary/-/vary-1.1.2.tgz 5161ms (cache miss)
1975 http fetch GET 200 https://registry.npmjs.org/@types/express-serve-static-core/-/express-serve-static-core-4.19.9.tgz 5148ms (cache miss)
1976 http fetch GET 200 https://registry.npmjs.org/serve-static/-/serve-static-1.16.3.tgz 5182ms (cache miss)
1977 http fetch GET 200 https://registry.npmjs.org/cors/-/cors-2.8.6.tgz 5143ms (cache miss)
1978 http fetch GET 200 https://registry.npmjs.org/xml-naming/-/xml-naming-0.1.0.tgz 5136ms (cache miss)
1979 http fetch GET 200 https://registry.npmjs.org/get-intrinsic/-/get-intrinsic-1.3.0.tgz 5308ms (cache miss)
1980 http fetch GET 200 https://registry.npmjs.org/proxy-addr/-/proxy-addr-2.0.7.tgz 5229ms (cache miss)
1981 http fetch GET 200 https://registry.npmjs.org/array-flatten/-/array-flatten-1.1.1.tgz 5219ms (cache miss)
1982 http fetch GET 200 https://registry.npmjs.org/@types/range-parser/-/range-parser-1.2.7.tgz 5210ms (cache miss)
1983 http fetch GET 200 https://registry.npmjs.org/@types/connect/-/connect-3.4.38.tgz 5214ms (cache miss)
1984 http fetch GET 200 https://registry.npmjs.org/duplexify/-/duplexify-4.1.3.tgz 5172ms (cache miss)
1985 http fetch GET 200 https://registry.npmjs.org/@google-cloud/paginator/-/paginator-5.0.2.tgz 5170ms (cache miss)
1986 http fetch GET 200 https://registry.npmjs.org/@firebase/app-check-interop-types/-/app-check-interop-types-0.3.4.tgz 5166ms (cache miss)
1987 http fetch GET 200 https://registry.npmjs.org/@firebase/auth-interop-types/-/auth-interop-types-0.2.5.tgz 5166ms (cache miss)
1988 http fetch GET 200 https://registry.npmjs.org/@firebase/app-types/-/app-types-0.9.5.tgz 5170ms (cache miss)
1989 http fetch GET 200 https://registry.npmjs.org/side-channel/-/side-channel-1.1.1.tgz 5344ms (cache miss)
1990 http fetch GET 200 https://registry.npmjs.org/parseurl/-/parseurl-1.3.3.tgz 5262ms (cache miss)
1991 http fetch GET 200 https://registry.npmjs.org/p-limit/-/p-limit-3.1.0.tgz 5203ms (cache miss)
1992 http fetch GET 200 https://registry.npmjs.org/@google-cloud/promisify/-/promisify-4.0.0.tgz 5196ms (cache miss)
1993 http fetch GET 200 https://registry.npmjs.org/arrify/-/arrify-2.0.1.tgz 5207ms (cache miss)
1994 http fetch GET 200 https://registry.npmjs.org/retry/-/retry-0.13.1.tgz 5209ms (cache miss)
1995 http fetch GET 200 https://registry.npmjs.org/@google-cloud/projectify/-/projectify-4.0.0.tgz 5197ms (cache miss)
1996 http fetch GET 200 https://registry.npmjs.org/jsonwebtoken/-/jsonwebtoken-9.0.3.tgz 5185ms (cache miss)
1997 http fetch GET 200 https://registry.npmjs.org/@firebase/component/-/component-0.7.3.tgz 5187ms (cache miss)
1998 http fetch GET 200 https://registry.npmjs.org/retry-request/-/retry-request-7.0.2.tgz 5220ms (cache miss)
1999 http fetch GET 200 https://registry.npmjs.org/debug/-/debug-4.4.3.tgz 5182ms (cache miss)
2000 http fetch GET 200 https://registry.npmjs.org/async-retry/-/async-retry-1.3.3.tgz 5223ms (cache miss)
2001 http fetch GET 200 https://registry.npmjs.org/mime/-/mime-3.0.0.tgz 5245ms (cache miss)
2002 http fetch GET 200 https://registry.npmjs.org/functional-red-black-tree/-/functional-red-black-tree-1.0.1.tgz 5235ms (cache miss)
2003 http fetch GET 200 https://registry.npmjs.org/extend/-/extend-3.0.2.tgz 5251ms (cache miss)
2004 http fetch GET 200 https://registry.npmjs.org/@firebase/database-types/-/database-types-1.0.20.tgz 5221ms (cache miss)
2005 http fetch GET 200 https://registry.npmjs.org/ms/-/ms-2.1.3.tgz 5210ms (cache miss)
2006 http fetch GET 200 https://registry.npmjs.org/has-tostringtag/-/has-tostringtag-1.0.2.tgz 5434ms (cache miss)
2007 http fetch GET 200 https://registry.npmjs.org/mime-db/-/mime-db-1.52.0.tgz 5395ms (cache miss)
2008 http fetch GET 200 https://registry.npmjs.org/limiter/-/limiter-1.1.5.tgz 5391ms (cache miss)
2009 http fetch GET 200 https://registry.npmjs.org/ms/-/ms-2.1.3.tgz 5237ms (cache miss)
2010 http fetch GET 200 https://registry.npmjs.org/ms/-/ms-2.1.3.tgz 5239ms (cache miss)
2011 http fetch GET 200 https://registry.npmjs.org/ms/-/ms-2.1.3.tgz 5234ms (cache miss)
2012 http fetch GET 200 https://registry.npmjs.org/ms/-/ms-2.1.3.tgz 5251ms (cache miss)
2013 http fetch GET 200 https://registry.npmjs.org/ms/-/ms-2.1.3.tgz 5246ms (cache miss)
2014 http fetch GET 200 https://registry.npmjs.org/debug/-/debug-4.4.3.tgz 5250ms (cache miss)
2015 http fetch GET 200 https://registry.npmjs.org/@nodable/entities/-/entities-2.2.0.tgz 5352ms (cache miss)
2016 http fetch GET 200 https://registry.npmjs.org/fast-deep-equal/-/fast-deep-equal-3.1.3.tgz 5324ms (cache miss)
2017 http fetch GET 200 https://registry.npmjs.org/debug/-/debug-4.4.3.tgz 5305ms (cache miss)
2018 http fetch GET 200 https://registry.npmjs.org/@types/send/-/send-0.17.6.tgz 5322ms (cache miss)
2019 http fetch GET 200 https://registry.npmjs.org/has-symbols/-/has-symbols-1.1.0.tgz 5554ms (cache miss)
2020 http fetch GET 200 https://registry.npmjs.org/mime/-/mime-1.6.0.tgz 5353ms (cache miss)
2021 http fetch GET 200 https://registry.npmjs.org/form-data/-/form-data-2.5.6.tgz 5583ms (cache miss)
2022 http fetch GET 200 https://registry.npmjs.org/long/-/long-5.3.2.tgz 5536ms (cache miss)
2023 http fetch GET 200 https://registry.npmjs.org/body-parser/-/body-parser-1.20.5.tgz 5495ms (cache miss)
2024 http fetch GET 200 https://registry.npmjs.org/node-fetch/-/node-fetch-2.7.0.tgz 5530ms (cache miss)
2025 http fetch GET 200 https://registry.npmjs.org/debug/-/debug-2.6.9.tgz 5498ms (cache miss)
2026 http fetch GET 200 https://registry.npmjs.org/https-proxy-agent/-/https-proxy-agent-7.0.6.tgz 5539ms (cache miss)
2027 http fetch GET 200 https://registry.npmjs.org/asynckit/-/asynckit-0.4.0.tgz 5616ms (cache miss)
2028 http fetch GET 200 https://registry.npmjs.org/abort-controller/-/abort-controller-3.0.0.tgz 5462ms (cache miss)
2029 http fetch GET 200 https://registry.npmjs.org/debug/-/debug-4.4.3.tgz 5423ms (cache miss)
2030 http fetch GET 200 https://registry.npmjs.org/gcp-metadata/-/gcp-metadata-8.1.2.tgz 5569ms (cache miss)
2031 http fetch GET 200 https://registry.npmjs.org/uuid 5265ms (cache miss)
2032 silly packumentCache corgi:https://registry.npmjs.org/uuid set size:undefined disposed:false
2033 http fetch GET 200 https://registry.npmjs.org/tslib/-/tslib-2.8.1.tgz 5546ms (cache miss)
2034 http fetch GET 200 https://registry.npmjs.org/math-intrinsics/-/math-intrinsics-1.1.0.tgz 5784ms (cache miss)
2035 http fetch GET 200 https://registry.npmjs.org/tr46/-/tr46-0.0.3.tgz 5921ms (cache miss)
2036 http fetch GET 200 https://registry.npmjs.org/https-proxy-agent/-/https-proxy-agent-5.0.1.tgz 5674ms (cache miss)
2037 http fetch GET 200 https://registry.npmjs.org/agent-base/-/agent-base-6.0.2.tgz 5723ms (cache miss)
2038 http fetch GET 200 https://registry.npmjs.org/websocket-extensions/-/websocket-extensions-0.1.4.tgz 5982ms (cache miss)
2039 http fetch GET 200 https://registry.npmjs.org/agent-base/-/agent-base-6.0.2.tgz 5735ms (cache miss)
2040 http fetch GET 200 https://registry.npmjs.org/@grpc/proto-loader/-/proto-loader-0.7.15.tgz 5914ms (cache miss)
2041 http fetch GET 200 https://registry.npmjs.org/fast-xml-builder/-/fast-xml-builder-1.2.1.tgz 5841ms (cache miss)
2042 http fetch GET 200 https://registry.npmjs.org/path-expression-matcher/-/path-expression-matcher-1.6.2.tgz 5844ms (cache miss)
2043 http fetch GET 200 https://registry.npmjs.org/faye-websocket/-/faye-websocket-0.11.4.tgz 5813ms (cache miss)
2044 http fetch GET 200 https://registry.npmjs.org/event-target-shim/-/event-target-shim-5.0.1.tgz 5871ms (cache miss)
2045 silly packumentCache corgi:https://registry.npmjs.org/google-gax cache-miss
2046 silly packumentCache corgi:https://registry.npmjs.org/gaxios cache-miss
2047 silly packumentCache corgi:https://registry.npmjs.org/teeny-request cache-miss
2048 http fetch GET 200 https://registry.npmjs.org/teeny-request/-/teeny-request-9.0.0.tgz 5879ms (cache miss)
2049 http fetch GET 200 https://registry.npmjs.org/gcp-metadata/-/gcp-metadata-6.1.1.tgz 5831ms (cache miss)
2050 http fetch GET 200 https://registry.npmjs.org/bignumber.js/-/bignumber.js-9.3.1.tgz 5997ms (cache miss)
2051 http fetch GET 200 https://registry.npmjs.org/gcp-metadata/-/gcp-metadata-6.1.1.tgz 5852ms (cache miss)
2052 http fetch GET 200 https://registry.npmjs.org/@grpc/proto-loader/-/proto-loader-0.8.1.tgz 5871ms (cache miss)
2053 http fetch GET 200 https://registry.npmjs.org/google-logging-utils/-/google-logging-utils-1.1.3.tgz 6008ms (cache miss)
2054 http fetch GET 200 https://registry.npmjs.org/is-unsafe/-/is-unsafe-1.0.1.tgz 5936ms (cache miss)
2055 http fetch GET 200 https://registry.npmjs.org/farmhash-modern/-/farmhash-modern-1.1.0.tgz 5993ms (cache miss)
2056 http fetch GET 200 https://registry.npmjs.org/@firebase/logger/-/logger-0.5.1.tgz 5999ms (cache miss)
2057 http fetch GET 200 https://registry.npmjs.org/undici-types/-/undici-types-8.3.0.tgz 6076ms (cache miss)
2058 warn deprecated node-domexception@1.0.0: Use your platform's native DOMException instead
2059 http fetch GET 200 https://registry.npmjs.org/lru-memoizer/-/lru-memoizer-2.3.0.tgz 6185ms (cache miss)
2060 http fetch GET 200 https://registry.npmjs.org/node-fetch/-/node-fetch-3.3.2.tgz 6046ms (cache miss)
2061 http fetch GET 200 https://registry.npmjs.org/qs/-/qs-6.15.3.tgz 6158ms (cache miss)
2062 http fetch GET 200 https://registry.npmjs.org/google-logging-utils/-/google-logging-utils-0.0.2.tgz 6056ms (cache miss)
2063 http fetch GET 200 https://registry.npmjs.org/google-logging-utils/-/google-logging-utils-0.0.2.tgz 6061ms (cache miss)
2064 http fetch GET 200 https://registry.npmjs.org/express/-/express-4.22.2.tgz 6175ms (cache miss)
2065 http fetch GET 200 https://registry.npmjs.org/node-fetch/-/node-fetch-3.3.2.tgz 6096ms (cache miss)
2066 http fetch GET 200 https://registry.npmjs.org/@js-sdsl/ordered-map/-/ordered-map-4.4.2.tgz 6293ms (cache miss)
2067 http fetch GET 200 https://registry.npmjs.org/@fastify/busboy/-/busboy-3.2.0.tgz 6184ms (cache miss)
2068 http fetch GET 200 https://registry.npmjs.org/object-inspect/-/object-inspect-1.13.4.tgz 6401ms (cache miss)
2069 http fetch GET 200 https://registry.npmjs.org/teeny-request 361ms (cache miss)
2070 silly packumentCache corgi:https://registry.npmjs.org/teeny-request set size:undefined disposed:false
2071 http fetch GET 200 https://registry.npmjs.org/jwks-rsa/-/jwks-rsa-3.2.2.tgz 6220ms (cache miss)
2072 http fetch GET 200 https://registry.npmjs.org/websocket-driver/-/websocket-driver-0.7.5.tgz 6299ms (cache miss)
2073 http fetch GET 200 https://registry.npmjs.org/gaxios/-/gaxios-6.7.1.tgz 6316ms (cache miss)
2074 http fetch GET 200 https://registry.npmjs.org/gaxios 451ms (cache miss)
2075 silly packumentCache corgi:https://registry.npmjs.org/gaxios set size:undefined disposed:false
2076 http fetch GET 200 https://registry.npmjs.org/readable-stream/-/readable-stream-3.6.2.tgz 6395ms (cache miss)
2077 http fetch GET 200 https://registry.npmjs.org/html-entities/-/html-entities-2.6.0.tgz 6520ms (cache miss)
2078 http fetch GET 200 https://registry.npmjs.org/iconv-lite/-/iconv-lite-0.4.24.tgz 6640ms (cache miss)
2079 http fetch GET 200 https://registry.npmjs.org/semver/-/semver-7.8.5.tgz 6718ms (cache miss)
2080 http fetch GET 200 https://registry.npmjs.org/google-gax 746ms (cache miss)
2081 silly packumentCache corgi:https://registry.npmjs.org/google-gax set size:undefined disposed:false
2082 silly packumentCache corgi:https://registry.npmjs.org/@google-cloud%2fstorage cache-miss
2083 silly packumentCache corgi:https://registry.npmjs.org/retry-request cache-miss
2084 http fetch GET 200 https://registry.npmjs.org/proto3-json-serializer/-/proto3-json-serializer-2.0.2.tgz 6846ms (cache miss)
2085 http fetch GET 200 https://registry.npmjs.org/retry-request 218ms (cache miss)
2086 silly packumentCache corgi:https://registry.npmjs.org/retry-request set size:undefined disposed:false
2087 http fetch GET 200 https://registry.npmjs.org/yargs/-/yargs-17.7.3.tgz 7047ms (cache miss)
2088 http fetch GET 200 https://registry.npmjs.org/@google-cloud%2fstorage 311ms (cache miss)
2089 silly packumentCache corgi:https://registry.npmjs.org/@google-cloud%2fstorage set size:undefined disposed:false
2090 silly packumentCache corgi:https://registry.npmjs.org/google-auth-library cache-miss
2091 silly packumentCache corgi:https://registry.npmjs.org/gcp-metadata cache-miss
2092 silly packumentCache corgi:https://registry.npmjs.org/gtoken cache-miss
2093 http fetch GET 200 https://registry.npmjs.org/uuid/-/uuid-9.0.1.tgz 7452ms (cache miss)
2094 warn deprecated uuid@9.0.1: uuid@10 and below is no longer supported.  For ESM codebases, update to uuid@latest.  For CommonJS codebases, use uuid@11 (but be aware this version will likely be deprecated in 2028).
2095 http fetch GET 200 https://registry.npmjs.org/gcp-metadata 305ms (cache miss)
2096 silly packumentCache corgi:https://registry.npmjs.org/gcp-metadata set size:undefined disposed:false
2097 http fetch GET 200 https://registry.npmjs.org/fast-xml-parser/-/fast-xml-parser-5.9.3.tgz 7489ms (cache miss)
2098 http fetch GET 200 https://registry.npmjs.org/gtoken 311ms (cache miss)
2099 silly packumentCache corgi:https://registry.npmjs.org/gtoken set size:undefined disposed:false
2100 http fetch GET 200 https://registry.npmjs.org/@types/node/-/node-26.1.1.tgz 7569ms (cache miss)
2101 http fetch GET 200 https://registry.npmjs.org/google-auth-library 372ms (cache miss)
2102 silly packumentCache corgi:https://registry.npmjs.org/google-auth-library set size:undefined disposed:false
2103 silly packumentCache corgi:https://registry.npmjs.org/@google-cloud%2ffirestore cache-miss
2104 http fetch GET 200 https://registry.npmjs.org/@google-cloud%2ffirestore 263ms (cache miss)
2105 silly packumentCache corgi:https://registry.npmjs.org/@google-cloud%2ffirestore set size:undefined disposed:false
2106 http fetch GET 200 https://registry.npmjs.org/protobufjs/-/protobufjs-7.6.5.tgz 7907ms (cache miss)
2107 silly packumentCache corgi:https://registry.npmjs.org/firebase-admin cache-miss
2108 http fetch GET 200 https://registry.npmjs.org/google-auth-library/-/google-auth-library-9.15.1.tgz 8134ms (cache miss)
2109 http fetch GET 200 https://registry.npmjs.org/google-auth-library/-/google-auth-library-9.15.1.tgz 8135ms (cache miss)
2110 http fetch GET 200 https://registry.npmjs.org/gaxios/-/gaxios-7.2.0.tgz 8150ms (cache miss)
2111 http fetch GET 200 https://registry.npmjs.org/@firebase/database-compat/-/database-compat-2.1.4.tgz 8177ms (cache miss)
2112 http fetch GET 200 https://registry.npmjs.org/gaxios/-/gaxios-7.2.0.tgz 8165ms (cache miss)
2113 http fetch GET 200 https://registry.npmjs.org/@firebase/util/-/util-1.15.1.tgz 8195ms (cache miss)
2114 http fetch GET 200 https://registry.npmjs.org/firebase-admin 207ms (cache miss)
2115 silly packumentCache corgi:https://registry.npmjs.org/firebase-admin set size:undefined disposed:false
2116 http fetch GET 200 https://registry.npmjs.org/google-auth-library/-/google-auth-library-10.9.0.tgz 8386ms (cache miss)
2117 http fetch GET 200 https://registry.npmjs.org/web-streams-polyfill/-/web-streams-polyfill-3.3.3.tgz 8740ms (cache miss)
2118 silly packumentCache corgi:https://registry.npmjs.org/firebase-functions cache-miss
2119 http fetch GET 200 https://registry.npmjs.org/@google-cloud/storage/-/storage-7.21.0.tgz 8513ms (cache miss)
2120 http fetch GET 200 https://registry.npmjs.org/firebase-functions 131ms (cache miss)
2121 silly packumentCache corgi:https://registry.npmjs.org/firebase-functions set size:undefined disposed:false
2122 http fetch GET 200 https://registry.npmjs.org/firebase-functions/-/firebase-functions-6.6.0.tgz 8794ms (cache miss)
2123 http fetch GET 200 https://registry.npmjs.org/firebase-admin/-/firebase-admin-13.10.0.tgz 9159ms (cache miss)
2124 http fetch GET 200 https://registry.npmjs.org/@google-cloud/firestore/-/firestore-7.11.6.tgz 9344ms (cache miss)
2125 http fetch GET 200 https://registry.npmjs.org/typescript/-/typescript-5.9.3.tgz 9627ms (cache miss)
2126 http fetch GET 200 https://registry.npmjs.org/@firebase/database/-/database-1.1.3.tgz 9711ms (cache miss)
2127 http fetch GET 200 https://registry.npmjs.org/jose/-/jose-4.15.9.tgz 9901ms (cache miss)
2128 http fetch GET 200 https://registry.npmjs.org/google-gax/-/google-gax-4.6.1.tgz 9985ms (cache miss)
2129 http fetch GET 200 https://registry.npmjs.org/@opentelemetry/api/-/api-1.9.1.tgz 10550ms (cache miss)
2130 http fetch GET 200 https://registry.npmjs.org/@grpc/grpc-js/-/grpc-js-1.14.4.tgz 10926ms (cache miss)
2131 info run @firebase/util@1.15.1 postinstall node_modules/@firebase/util node ./postinstall.js
2132 info run protobufjs@7.6.5 postinstall node_modules/protobufjs node scripts/postinstall
2133 info run @firebase/util@1.15.1 postinstall { code: 0, signal: null }
2134 info run protobufjs@7.6.5 postinstall { code: 0, signal: null }
2135 silly ADD node_modules/web-streams-polyfill
2136 silly ADD node_modules/node-domexception
2137 silly ADD node_modules/formdata-polyfill
2138 silly ADD node_modules/fetch-blob
2139 silly ADD node_modules/data-uri-to-buffer
2140 silly ADD node_modules/@types/mime
2141 silly ADD node_modules/gtoken
2142 silly ADD node_modules/color-name
2143 silly ADD node_modules/color-convert
2144 silly ADD node_modules/ansi-styles
2145 silly ADD node_modules/ansi-regex
2146 silly ADD node_modules/is-fullwidth-code-point
2147 silly ADD node_modules/emoji-regex
2148 silly ADD node_modules/wrap-ansi
2149 silly ADD node_modules/strip-ansi
2150 silly ADD node_modules/yargs-parser
2151 silly ADD node_modules/y18n
2152 silly ADD node_modules/string-width
2153 silly ADD node_modules/require-directory
2154 silly ADD node_modules/get-caller-file
2155 silly ADD node_modules/escalade
2156 silly ADD node_modules/cliui
2157 silly ADD node_modules/webidl-conversions
2158 silly ADD node_modules/tr46
2159 silly ADD node_modules/websocket-extensions
2160 silly ADD node_modules/http-parser-js
2161 silly ADD node_modules/media-typer
2162 silly ADD node_modules/stubs
2163 silly ADD node_modules/@tootallnate/once
2164 silly ADD node_modules/stream-events
2165 silly ADD node_modules/http-proxy-agent
2166 silly ADD node_modules/http-proxy-agent/node_modules/ms
2167 silly ADD node_modules/http-proxy-agent/node_modules/debug
2168 silly ADD node_modules/http-proxy-agent/node_modules/agent-base
2169 silly ADD node_modules/anynum
2170 silly ADD node_modules/call-bound
2171 silly ADD node_modules/side-channel-weakmap
2172 silly ADD node_modules/side-channel-map
2173 silly ADD node_modules/side-channel-list
2174 silly ADD node_modules/object-inspect
2175 silly ADD node_modules/dunder-proto
2176 silly ADD node_modules/math-intrinsics
2177 silly ADD node_modules/has-symbols
2178 silly ADD node_modules/gopd
2179 silly ADD node_modules/get-proto
2180 silly ADD node_modules/function-bind
2181 silly ADD node_modules/es-object-atoms
2182 silly ADD node_modules/call-bind-apply-helpers
2183 silly ADD node_modules/has-tostringtag
2184 silly ADD node_modules/get-intrinsic
2185 silly ADD node_modules/es-errors
2186 silly ADD node_modules/delayed-stream
2187 silly ADD node_modules/hasown
2188 silly ADD node_modules/es-set-tostringtag
2189 silly ADD node_modules/combined-stream
2190 silly ADD node_modules/asynckit
2191 silly ADD node_modules/form-data
2192 silly ADD node_modules/@types/tough-cookie
2193 silly ADD node_modules/@types/caseless
2194 silly ADD node_modules/@types/request
2195 silly ADD node_modules/util-deprecate
2196 silly ADD node_modules/string_decoder
2197 silly ADD node_modules/side-channel
2198 silly ADD node_modules/es-define-property
2199 silly ADD node_modules/ipaddr.js
2200 silly ADD node_modules/forwarded
2201 silly ADD node_modules/@protobufjs/utf8
2202 silly ADD node_modules/@protobufjs/pool
2203 silly ADD node_modules/@protobufjs/path
2204 silly ADD node_modules/@protobufjs/float
2205 silly ADD node_modules/@protobufjs/fetch
2206 silly ADD node_modules/@protobufjs/eventemitter
2207 silly ADD node_modules/@protobufjs/codegen
2208 silly ADD node_modules/@protobufjs/base64
2209 silly ADD node_modules/@protobufjs/aspromise
2210 silly ADD node_modules/yocto-queue
2211 silly ADD node_modules/wrappy
2212 silly ADD node_modules/ee-first
2213 silly ADD node_modules/whatwg-url
2214 silly ADD node_modules/mime-db
2215 silly ADD node_modules/yallist
2216 silly ADD node_modules/lru-cache
2217 silly ADD node_modules/lodash.clonedeep
2218 silly ADD node_modules/buffer-equal-constant-time
2219 silly ADD node_modules/jwa
2220 silly ADD node_modules/@types/ms
2221 silly ADD node_modules/lru-memoizer
2222 silly ADD node_modules/limiter
2223 silly ADD node_modules/jose
2224 silly ADD node_modules/@types/jsonwebtoken
2225 silly ADD node_modules/semver
2226 silly ADD node_modules/lodash.once
2227 silly ADD node_modules/lodash.isstring
2228 silly ADD node_modules/lodash.isplainobject
2229 silly ADD node_modules/lodash.isnumber
2230 silly ADD node_modules/lodash.isinteger
2231 silly ADD node_modules/lodash.isboolean
2232 silly ADD node_modules/lodash.includes
2233 silly ADD node_modules/bignumber.js
2234 silly ADD node_modules/safer-buffer
2235 silly ADD node_modules/agent-base
2236 silly ADD node_modules/toidentifier
2237 silly ADD node_modules/yargs
2238 silly ADD node_modules/long
2239 silly ADD node_modules/lodash.camelcase
2240 silly ADD node_modules/@js-sdsl/ordered-map
2241 silly ADD node_modules/proto3-json-serializer
2242 silly ADD node_modules/object-hash
2243 silly ADD node_modules/@types/long
2244 silly ADD node_modules/@grpc/proto-loader
2245 silly ADD node_modules/@grpc/grpc-js
2246 silly ADD node_modules/@grpc/grpc-js/node_modules/@grpc/proto-loader
2247 silly ADD node_modules/json-bigint
2248 silly ADD node_modules/jws
2249 silly ADD node_modules/google-logging-utils
2250 silly ADD node_modules/gcp-metadata
2251 silly ADD node_modules/gcp-metadata/node_modules/node-fetch
2252 silly ADD node_modules/gcp-metadata/node_modules/gaxios
2253 silly ADD node_modules/ecdsa-sig-formatter
2254 silly ADD node_modules/base64-js
2255 silly ADD node_modules/uuid
2256 silly ADD node_modules/node-fetch
2257 silly ADD node_modules/is-stream
2258 silly ADD node_modules/https-proxy-agent
2259 silly ADD node_modules/https-proxy-agent/node_modules/ms
2260 silly ADD node_modules/https-proxy-agent/node_modules/debug
2261 silly ADD node_modules/ms
2262 silly ADD node_modules/unpipe
2263 silly ADD node_modules/raw-body
2264 silly ADD node_modules/iconv-lite
2265 silly ADD node_modules/destroy
2266 silly ADD node_modules/bytes
2267 silly ADD node_modules/negotiator
2268 silly ADD node_modules/mime-types
2269 silly ADD node_modules/utils-merge
2270 silly ADD node_modules/type-is
2271 silly ADD node_modules/statuses
2272 silly ADD node_modules/setprototypeof
2273 silly ADD node_modules/serve-static
2274 silly ADD node_modules/send
2275 silly ADD node_modules/send/node_modules/ms
2276 silly ADD node_modules/send/node_modules/mime
2277 silly ADD node_modules/safe-buffer
2278 silly ADD node_modules/range-parser
2279 silly ADD node_modules/qs
2280 silly ADD node_modules/proxy-addr
2281 silly ADD node_modules/path-to-regexp
2282 silly ADD node_modules/parseurl
2283 silly ADD node_modules/on-finished
2284 silly ADD node_modules/methods
2285 silly ADD node_modules/merge-descriptors
2286 silly ADD node_modules/http-errors
2287 silly ADD node_modules/fresh
2288 silly ADD node_modules/finalhandler
2289 silly ADD node_modules/etag
2290 silly ADD node_modules/escape-html
2291 silly ADD node_modules/encodeurl
2292 silly ADD node_modules/depd
2293 silly ADD node_modules/debug
2294 silly ADD node_modules/cookie-signature
2295 silly ADD node_modules/cookie
2296 silly ADD node_modules/content-type
2297 silly ADD node_modules/content-disposition
2298 silly ADD node_modules/body-parser
2299 silly ADD node_modules/array-flatten
2300 silly ADD node_modules/accepts
2301 silly ADD node_modules/vary
2302 silly ADD node_modules/object-assign
2303 silly ADD node_modules/@types/http-errors
2304 silly ADD node_modules/undici-types
2305 silly ADD node_modules/@types/send
2306 silly ADD node_modules/@types/range-parser
2307 silly ADD node_modules/@types/connect
2308 silly ADD node_modules/@types/serve-static
2309 silly ADD node_modules/@types/serve-static/node_modules/@types/send
2310 silly ADD node_modules/@types/qs
2311 silly ADD node_modules/@types/express-serve-static-core
2312 silly ADD node_modules/@types/body-parser
2313 silly ADD node_modules/@types/node
2314 silly ADD node_modules/express
2315 silly ADD node_modules/cors
2316 silly ADD node_modules/@types/express
2317 silly ADD node_modules/@types/cors
2318 silly ADD node_modules/websocket-driver
2319 silly ADD node_modules/xml-naming
2320 silly ADD node_modules/strnum
2321 silly ADD node_modules/path-expression-matcher
2322 silly ADD node_modules/is-unsafe
2323 silly ADD node_modules/fast-xml-builder
2324 silly ADD node_modules/@nodable/entities
2325 silly ADD node_modules/once
2326 silly ADD node_modules/stream-shift
2327 silly ADD node_modules/readable-stream
2328 silly ADD node_modules/inherits
2329 silly ADD node_modules/end-of-stream
2330 silly ADD node_modules/retry
2331 silly ADD node_modules/event-target-shim
2332 silly ADD node_modules/extend
2333 silly ADD node_modules/arrify
2334 silly ADD node_modules/teeny-request
2335 silly ADD node_modules/teeny-request/node_modules/ms
2336 silly ADD node_modules/teeny-request/node_modules/debug
2337 silly ADD node_modules/teeny-request/node_modules/agent-base
2338 silly ADD node_modules/teeny-request/node_modules/https-proxy-agent
2339 silly ADD node_modules/retry-request
2340 silly ADD node_modules/p-limit
2341 silly ADD node_modules/mime
2342 silly ADD node_modules/html-entities
2343 silly ADD node_modules/gaxios
2344 silly ADD node_modules/fast-xml-parser
2345 silly ADD node_modules/duplexify
2346 silly ADD node_modules/async-retry
2347 silly ADD node_modules/abort-controller
2348 silly ADD node_modules/@google-cloud/promisify
2349 silly ADD node_modules/@google-cloud/projectify
2350 silly ADD node_modules/@google-cloud/paginator
2351 silly ADD node_modules/protobufjs
2352 silly ADD node_modules/google-gax
2353 silly ADD node_modules/google-gax/node_modules/google-logging-utils
2354 silly ADD node_modules/google-gax/node_modules/gcp-metadata
2355 silly ADD node_modules/google-gax/node_modules/google-auth-library
2356 silly ADD node_modules/functional-red-black-tree
2357 silly ADD node_modules/@opentelemetry/api
2358 silly ADD node_modules/@firebase/app-types
2359 silly ADD node_modules/faye-websocket
2360 silly ADD node_modules/@firebase/auth-interop-types
2361 silly ADD node_modules/@firebase/app-check-interop-types
2362 silly ADD node_modules/tslib
2363 silly ADD node_modules/@firebase/util
2364 silly ADD node_modules/@firebase/logger
2365 silly ADD node_modules/@firebase/database
2366 silly ADD node_modules/@firebase/component
2367 silly ADD node_modules/jwks-rsa
2368 silly ADD node_modules/jwks-rsa/node_modules/ms
2369 silly ADD node_modules/jwks-rsa/node_modules/debug
2370 silly ADD node_modules/jsonwebtoken
2371 silly ADD node_modules/jsonwebtoken/node_modules/ms
2372 silly ADD node_modules/google-auth-library
2373 silly ADD node_modules/google-auth-library/node_modules/node-fetch
2374 silly ADD node_modules/google-auth-library/node_modules/gaxios
2375 silly ADD node_modules/fast-deep-equal
2376 silly ADD node_modules/farmhash-modern
2377 silly ADD node_modules/@google-cloud/storage
2378 silly ADD node_modules/@google-cloud/storage/node_modules/google-logging-utils
2379 silly ADD node_modules/@google-cloud/storage/node_modules/gcp-metadata
2380 silly ADD node_modules/@google-cloud/storage/node_modules/google-auth-library
2381 silly ADD node_modules/@google-cloud/firestore
2382 silly ADD node_modules/@firebase/database-types
2383 silly ADD node_modules/@firebase/database-compat
2384 silly ADD node_modules/@fastify/busboy
2385 silly ADD node_modules/typescript
2386 silly ADD node_modules/firebase-functions
2387 silly ADD node_modules/firebase-admin
2388 verbose cwd /Users/nabhan/tkapps/firebase/functions
2389 verbose os Darwin 24.6.0
2390 verbose node v24.16.0
2391 verbose npm  v11.13.0
2392 notice
2392 notice New minor version of npm available! 11.13.0 -> 11.18.0
2392 notice Changelog: https://github.com/npm/cli/releases/tag/v11.18.0
2392 notice To update run: npm install -g npm@11.18.0
2392 notice  { force: true, Symbol(proc-log.meta): true }
2393 verbose exit 0
2394 info ok
